Handle,Title,Body (HTML),Vendor,Type,Tags,Published,Option1 Name,Option1 Value,Option2 Name,Option2 Value,Option3 Name,Option3 Value,Variant SKU,Variant Grams,Variant Inventory Tracker,Variant Inventory Qty,Variant Inventory Policy,Variant Fulfillment Service,Variant Price,Variant Compare At Price,Variant Requires Shipping,Variant Taxable,Image Src,Image Position,Image Alt Text,Gift Card,SEO Title,SEO Description,Status
camera-on-smooth-blur-primer,Camera On Smooth & Blur Primer,"<p>A silicone-free blurring primer that fills the look of pores on contact and gives foundation a flat, photo-ready surface. Grips makeup for up to 12 hours without drying the skin down.</p><ul><li>Size: 30ml</li><li>Finish: Natural</li><li>Category: Face — Primer</li></ul>",SHEGLAM,Primer,"Face, Primer, Natural, Bestseller",TRUE,Title,Default Title,,,,,SGPK-1000,55,shopify,20,deny,manual,2090,,TRUE,TRUE,,,,FALSE,Camera On Smooth & Blur Primer | SHEGLAM PK,"Buy Camera On Smooth & Blur Primer in Pakistan. A silicone-free blurring primer that fills the look of pores on contact and gives foundation a flat, photo-ready",active
melt-touch-ultra-hydrating-primer,Melt Touch Ultra-Hydrating Primer,<p>A watery gel primer that melts in and leaves skin cushioned rather than tacky. Best under dewy or satin foundations on dry and dehydrated skin.</p><ul><li>Size: 30ml</li><li>Finish: Dewy</li><li>Category: Face — Primer</li></ul>,SHEGLAM,Primer,"Face, Primer, Dewy",TRUE,Title,Default Title,,,,,SGPK-1001,55,shopify,20,deny,manual,1190,,TRUE,TRUE,,,,FALSE,Melt Touch Ultra-Hydrating Primer | SHEGLAM PK,Buy Melt Touch Ultra-Hydrating Primer in Pakistan. A watery gel primer that melts in and leaves skin cushioned rather than tacky. Best under dewy or satin found,active
good-grip-hydrating-primer,Good Grip Hydrating Primer,<p>A hyaluronic-rich gripping primer that holds makeup through heat and humidity. Genuinely useful in Karachi and Lahore summers where everything else slides.</p><ul><li>Size: 40ml</li><li>Finish: Dewy</li><li>Category: Face — Primer</li></ul>,SHEGLAM,Primer,"Face, Primer, Dewy",TRUE,Title,Default Title,,,,,SGPK-1002,65,shopify,20,deny,manual,3990,,TRUE,TRUE,,,,FALSE,Good Grip Hydrating Primer | SHEGLAM PK,Buy Good Grip Hydrating Primer in Pakistan. A hyaluronic-rich gripping primer that holds makeup through heat and humidity. Genuinely useful in Karachi and Lahor,active
good-grip-ultra-blur-primer,Good Grip Ultra-Blur Primer,<p>The mattifying counterpart to the original Good Grip. Soft-focus powders blur texture while the grip base keeps foundation locked in place on oily skin.</p><ul><li>Size: 40ml</li><li>Finish: Matte</li><li>Category: Face — Primer</li></ul>,SHEGLAM,Primer,"Face, Primer, Matte, New Arrival",TRUE,Title,Default Title,,,,,SGPK-1003,65,shopify,20,deny,manual,3990,,TRUE,TRUE,,,,FALSE,Good Grip Ultra-Blur Primer | SHEGLAM PK,Buy Good Grip Ultra-Blur Primer in Pakistan. The mattifying counterpart to the original Good Grip. Soft-focus powders blur texture while the grip base keeps fou,active
glacier-glo-smoothing-primer,Glacier Glo Smoothing Primer,"<p>A cooling, slip-heavy primer with a faint pearl that lifts dull skin before base. Layers cleanly under both liquid and cushion foundations.</p><ul><li>Size: 30ml</li><li>Finish: Radiant</li><li>Category: Face — Primer</li></ul>",SHEGLAM,Primer,"Face, Primer, Radiant",TRUE,Title,Default Title,,,,,SGPK-1004,55,shopify,20,deny,manual,3990,,TRUE,TRUE,,,,FALSE,Glacier Glo Smoothing Primer | SHEGLAM PK,"Buy Glacier Glo Smoothing Primer in Pakistan. A cooling, slip-heavy primer with a faint pearl that lifts dull skin before base. Layers cleanly under both liquid",active
even-better-colour-correcting-primer,Even Better Colour Correcting Primer,"<p>A sheer corrector base in three tones — green for redness, lavender for sallowness, peach for dark circles. Use in patches, not all over.</p><ul><li>Size: 30ml</li><li>Finish: Natural</li><li>Category: Face — Primer</li></ul>",SHEGLAM,Primer,"Face, Primer, Natural, Multi-Shade",TRUE,Shade,Green,,,,,SGPK-1005-GREEN,55,shopify,12,deny,manual,1390,,TRUE,TRUE,,,,FALSE,Even Better Colour Correcting Primer | SHEGLAM PK,"Buy Even Better Colour Correcting Primer in Pakistan. A sheer corrector base in three tones — green for redness, lavender for sallowness, peach for dark circles",active
even-better-colour-correcting-primer,,,,,,,,Lavender,,,,,SGPK-1005-LAVENDER,55,shopify,12,deny,manual,1390,,TRUE,TRUE,,,,,,,
even-better-colour-correcting-primer,,,,,,,,Peach,,,,,SGPK-1005-PEACH,55,shopify,12,deny,manual,1390,,TRUE,TRUE,,,,,,,
pore-eraser-blurring-stick,Pore Eraser Blurring Stick,"<p>A twist-up balm stick for targeted blurring across the nose, chin and cheeks. Press it in with a finger rather than dragging.</p><ul><li>Size: 6g</li><li>Finish: Matte</li><li>Category: Face — Primer</li></ul>",SHEGLAM,Primer,"Face, Primer, Matte, Sale",TRUE,Title,Default Title,,,,,SGPK-1006,31,shopify,20,deny,manual,1690,1890,TRUE,TRUE,,,,FALSE,Pore Eraser Blurring Stick | SHEGLAM PK,"Buy Pore Eraser Blurring Stick in Pakistan. A twist-up balm stick for targeted blurring across the nose, chin and cheeks. Press it in with a finger rather than ",active
complexion-pro-long-lasting-breathable-matte-foundation,Complexion Pro Long Lasting Breathable Matte Foundation,"<p>Medium-to-full coverage with a true matte finish that stays comfortable rather than tight. The bestselling base of the range, in eight shades.</p><ul><li>Size: 30ml</li><li>Finish: Matte</li><li>Category: Face — Foundation</li></ul>",SHEGLAM,Foundation,"Face, Foundation, Matte, Bestseller, Sale, Multi-Shade",TRUE,Shade,Porcelain,,,,,SGPK-1007-PORCELAIN,55,shopify,12,deny,manual,4390,5190,TRUE,TRUE,,,,FALSE,Complexion Pro Long Lasting Breathable Matte Foundation | SHEGLAM PK,Buy Complexion Pro Long Lasting Breathable Matte Foundation in Pakistan. Medium-to-full coverage with a true matte finish that stays comfortable rather than tig,active
complexion-pro-long-lasting-breathable-matte-foundation,,,,,,,,Linen,,,,,SGPK-1007-LINEN,55,shopify,12,deny,manual,4390,5190,TRUE,TRUE,,,,,,,
complexion-pro-long-lasting-breathable-matte-foundation,,,,,,,,Vanilla,,,,,SGPK-1007-VANILLA,55,shopify,12,deny,manual,4390,5190,TRUE,TRUE,,,,,,,
complexion-pro-long-lasting-breathable-matte-foundation,,,,,,,,Golden,,,,,SGPK-1007-GOLDEN,55,shopify,12,deny,manual,4390,5190,TRUE,TRUE,,,,,,,
complexion-pro-long-lasting-breathable-matte-foundation,,,,,,,,Sand,,,,,SGPK-1007-SAND,55,shopify,12,deny,manual,4390,5190,TRUE,TRUE,,,,,,,
complexion-pro-long-lasting-breathable-matte-foundation,,,,,,,,Honey,,,,,SGPK-1007-HONEY,55,shopify,12,deny,manual,4390,5190,TRUE,TRUE,,,,,,,
complexion-pro-long-lasting-breathable-matte-foundation,,,,,,,,Caramel,,,,,SGPK-1007-CARAMEL,55,shopify,12,deny,manual,4390,5190,TRUE,TRUE,,,,,,,
complexion-pro-long-lasting-breathable-matte-foundation,,,,,,,,Espresso,,,,,SGPK-1007-ESPRESSO,55,shopify,4,deny,manual,4390,5190,TRUE,TRUE,,,,,,,
skinfinite-hydrating-foundation,Skinfinite Hydrating Foundation,<p>A skin-like hydrating base with buildable medium coverage and a soft glow. Sits beautifully on dry skin without clinging to flakes.</p><ul><li>Size: 30ml</li><li>Finish: Dewy</li><li>Category: Face — Foundation</li></ul>,SHEGLAM,Foundation,"Face, Foundation, Dewy, Sale, Multi-Shade",TRUE,Shade,Porcelain,,,,,SGPK-1008-PORCELAIN,55,shopify,12,deny,manual,4690,5190,TRUE,TRUE,,,,FALSE,Skinfinite Hydrating Foundation | SHEGLAM PK,Buy Skinfinite Hydrating Foundation in Pakistan. A skin-like hydrating base with buildable medium coverage and a soft glow. Sits beautifully on dry skin without,active
skinfinite-hydrating-foundation,,,,,,,,Linen,,,,,SGPK-1008-LINEN,55,shopify,12,deny,manual,4690,5190,TRUE,TRUE,,,,,,,
skinfinite-hydrating-foundation,,,,,,,,Vanilla,,,,,SGPK-1008-VANILLA,55,shopify,12,deny,manual,4690,5190,TRUE,TRUE,,,,,,,
skinfinite-hydrating-foundation,,,,,,,,Golden,,,,,SGPK-1008-GOLDEN,55,shopify,12,deny,manual,4690,5190,TRUE,TRUE,,,,,,,
skinfinite-hydrating-foundation,,,,,,,,Sand,,,,,SGPK-1008-SAND,55,shopify,12,deny,manual,4690,5190,TRUE,TRUE,,,,,,,
skinfinite-hydrating-foundation,,,,,,,,Honey,,,,,SGPK-1008-HONEY,55,shopify,12,deny,manual,4690,5190,TRUE,TRUE,,,,,,,
skinfinite-hydrating-foundation,,,,,,,,Caramel,,,,,SGPK-1008-CARAMEL,55,shopify,12,deny,manual,4690,5190,TRUE,TRUE,,,,,,,
skinfinite-hydrating-foundation,,,,,,,,Espresso,,,,,SGPK-1008-ESPRESSO,55,shopify,4,deny,manual,4690,5190,TRUE,TRUE,,,,,,,
lock-go-long-lasting-cushion-foundation,Lock & Go Long-Lasting Cushion Foundation,"<p>A refillable cushion compact for touch-ups on the move. Tap, don't sweep, and the coverage builds without going cakey.</p><ul><li>Size: 15g</li><li>Finish: Satin</li><li>Category: Face — Foundation</li></ul>",SHEGLAM,Foundation,"Face, Foundation, Satin, Multi-Shade",TRUE,Shade,Porcelain,,,,,SGPK-1009-PORCELAIN,40,shopify,12,deny,manual,4390,,TRUE,TRUE,,,,FALSE,Lock & Go Long-Lasting Cushion Foundation | SHEGLAM PK,"Buy Lock & Go Long-Lasting Cushion Foundation in Pakistan. A refillable cushion compact for touch-ups on the move. Tap, don't sweep, and the coverage builds wit",active
lock-go-long-lasting-cushion-foundation,,,,,,,,Linen,,,,,SGPK-1009-LINEN,40,shopify,12,deny,manual,4390,,TRUE,TRUE,,,,,,,
lock-go-long-lasting-cushion-foundation,,,,,,,,Vanilla,,,,,SGPK-1009-VANILLA,40,shopify,12,deny,manual,4390,,TRUE,TRUE,,,,,,,
lock-go-long-lasting-cushion-foundation,,,,,,,,Golden,,,,,SGPK-1009-GOLDEN,40,shopify,12,deny,manual,4390,,TRUE,TRUE,,,,,,,
lock-go-long-lasting-cushion-foundation,,,,,,,,Sand,,,,,SGPK-1009-SAND,40,shopify,12,deny,manual,4390,,TRUE,TRUE,,,,,,,
lock-go-long-lasting-cushion-foundation,,,,,,,,Honey,,,,,SGPK-1009-HONEY,40,shopify,12,deny,manual,4390,,TRUE,TRUE,,,,,,,
hideaway-full-coverage-concealer,Hideaway Full-Coverage Concealer,<p>A creamy high-coverage concealer that lifts dark circles without settling into fine lines. Also works to carve out brows and clean up liner.</p><ul><li>Size: 6ml</li><li>Finish: Natural</li><li>Category: Face — Concealer</li></ul>,SHEGLAM,Concealer,"Face, Concealer, Natural, Bestseller, Multi-Shade",TRUE,Shade,Porcelain,,,,,SGPK-1010-PORCELAIN,31,shopify,12,deny,manual,1690,,TRUE,TRUE,,,,FALSE,Hideaway Full-Coverage Concealer | SHEGLAM PK,Buy Hideaway Full-Coverage Concealer in Pakistan. A creamy high-coverage concealer that lifts dark circles without settling into fine lines. Also works to carve,active
hideaway-full-coverage-concealer,,,,,,,,Linen,,,,,SGPK-1010-LINEN,31,shopify,12,deny,manual,1690,,TRUE,TRUE,,,,,,,
hideaway-full-coverage-concealer,,,,,,,,Nude,,,,,SGPK-1010-NUDE,31,shopify,12,deny,manual,1690,,TRUE,TRUE,,,,,,,
hideaway-full-coverage-concealer,,,,,,,,Golden,,,,,SGPK-1010-GOLDEN,31,shopify,12,deny,manual,1690,,TRUE,TRUE,,,,,,,
hideaway-full-coverage-concealer,,,,,,,,Toffee,,,,,SGPK-1010-TOFFEE,31,shopify,12,deny,manual,1690,,TRUE,TRUE,,,,,,,
hideaway-full-coverage-concealer,,,,,,,,Cocoa,,,,,SGPK-1010-COCOA,31,shopify,3,deny,manual,1690,,TRUE,TRUE,,,,,,,
like-magic-12hr-full-coverage-concealer,Like Magic 12HR Full Coverage Concealer,"<p>A longwear matte concealer for spot coverage and blemishes. Dries down firmly, so blend fast and set it while it is still moving.</p><ul><li>Size: 6ml</li><li>Finish: Matte</li><li>Category: Face — Concealer</li></ul>",SHEGLAM,Concealer,"Face, Concealer, Matte, Multi-Shade",TRUE,Shade,Porcelain,,,,,SGPK-1011-PORCELAIN,31,shopify,12,deny,manual,1490,,TRUE,TRUE,,,,FALSE,Like Magic 12HR Full Coverage Concealer | SHEGLAM PK,"Buy Like Magic 12HR Full Coverage Concealer in Pakistan. A longwear matte concealer for spot coverage and blemishes. Dries down firmly, so blend fast and set it",active
like-magic-12hr-full-coverage-concealer,,,,,,,,Linen,,,,,SGPK-1011-LINEN,31,shopify,12,deny,manual,1490,,TRUE,TRUE,,,,,,,
like-magic-12hr-full-coverage-concealer,,,,,,,,Nude,,,,,SGPK-1011-NUDE,31,shopify,12,deny,manual,1490,,TRUE,TRUE,,,,,,,
like-magic-12hr-full-coverage-concealer,,,,,,,,Golden,,,,,SGPK-1011-GOLDEN,31,shopify,12,deny,manual,1490,,TRUE,TRUE,,,,,,,
like-magic-12hr-full-coverage-concealer,,,,,,,,Toffee,,,,,SGPK-1011-TOFFEE,31,shopify,12,deny,manual,1490,,TRUE,TRUE,,,,,,,
like-magic-12hr-full-coverage-concealer,,,,,,,,Cocoa,,,,,SGPK-1011-COCOA,31,shopify,3,deny,manual,1490,,TRUE,TRUE,,,,,,,
wake-up-call-undereye-colour-corrector,Wake Up Call Undereye Colour Corrector,<p>A peach-toned corrector that neutralises blue and grey under the eyes before concealer goes on. A little goes a long way.</p><ul><li>Size: 5ml</li><li>Finish: Natural</li><li>Category: Face — Concealer</li></ul>,SHEGLAM,Concealer,"Face, Concealer, Natural, Multi-Shade",TRUE,Shade,Peach,,,,,SGPK-1012-PEACH,30,shopify,12,deny,manual,1590,,TRUE,TRUE,,,,FALSE,Wake Up Call Undereye Colour Corrector | SHEGLAM PK,Buy Wake Up Call Undereye Colour Corrector in Pakistan. A peach-toned corrector that neutralises blue and grey under the eyes before concealer goes on. A little,active
wake-up-call-undereye-colour-corrector,,,,,,,,Bisque,,,,,SGPK-1012-BISQUE,30,shopify,12,deny,manual,1590,,TRUE,TRUE,,,,,,,
wake-up-call-undereye-colour-corrector,,,,,,,,Orange,,,,,SGPK-1012-ORANGE,30,shopify,7,deny,manual,1590,,TRUE,TRUE,,,,,,,
blur-in-a-bottle-loose-setting-powder,Blur In A Bottle Loose Setting Powder,"<p>A finely milled loose powder for baking and setting without flashback. Translucent suits most, banana brightens under the eyes.</p><ul><li>Size: 8g</li><li>Finish: Matte</li><li>Category: Face — Powder</li></ul>",SHEGLAM,Powder,"Face, Powder, Matte, Sale, Multi-Shade",TRUE,Shade,Translucent,,,,,SGPK-1013-TRANSLUCENT,33,shopify,12,deny,manual,990,1190,TRUE,TRUE,,,,FALSE,Blur In A Bottle Loose Setting Powder | SHEGLAM PK,"Buy Blur In A Bottle Loose Setting Powder in Pakistan. A finely milled loose powder for baking and setting without flashback. Translucent suits most, banana bri",active
blur-in-a-bottle-loose-setting-powder,,,,,,,,Banana,,,,,SGPK-1013-BANANA,33,shopify,12,deny,manual,990,1190,TRUE,TRUE,,,,,,,
camera-on-blurring-setting-powder-balm,Camera On Blurring Setting Powder Balm,<p>A powder-to-balm hybrid that presses into the skin instead of sitting on top. Good over creams where loose powder would look dusty.</p><ul><li>Size: 8g</li><li>Finish: Matte</li><li>Category: Face — Powder</li></ul>,SHEGLAM,Powder,"Face, Powder, Matte, Sale",TRUE,Title,Default Title,,,,,SGPK-1014,33,shopify,20,deny,manual,1390,1590,TRUE,TRUE,,,,FALSE,Camera On Blurring Setting Powder Balm | SHEGLAM PK,Buy Camera On Blurring Setting Powder Balm in Pakistan. A powder-to-balm hybrid that presses into the skin instead of sitting on top. Good over creams where loo,active
baked-glow-setting-powder,Baked Glow Setting Powder,"<p>A baked, faintly luminous powder that sets without flattening the skin. Sweep lightly — it builds glow quickly.</p><ul><li>Size: 10g</li><li>Finish: Radiant</li><li>Category: Face — Powder</li></ul>",SHEGLAM,Powder,"Face, Powder, Radiant, Multi-Shade",TRUE,Shade,Translucent,,,,,SGPK-1015-TRANSLUCENT,35,shopify,12,deny,manual,1890,,TRUE,TRUE,,,,FALSE,Baked Glow Setting Powder | SHEGLAM PK,"Buy Baked Glow Setting Powder in Pakistan. A baked, faintly luminous powder that sets without flattening the skin. Sweep lightly — it builds glow quickly.",active
baked-glow-setting-powder,,,,,,,,Bubblegum,,,,,SGPK-1015-BUBBLEGUM,35,shopify,12,deny,manual,1890,,TRUE,TRUE,,,,,,,
hydro-touch-refreshing-setting-powder,Hydro-Touch Refreshing Setting Powder,<p>A weightless setting powder with a cooling finish for long days in heat. Keeps shine down without going chalky by evening.</p><ul><li>Size: 12g</li><li>Finish: Natural</li><li>Category: Face — Powder</li></ul>,SHEGLAM,Powder,"Face, Powder, Natural",TRUE,Title,Default Title,,,,,SGPK-1016,37,shopify,20,deny,manual,3590,,TRUE,TRUE,,,,FALSE,Hydro-Touch Refreshing Setting Powder | SHEGLAM PK,Buy Hydro-Touch Refreshing Setting Powder in Pakistan. A weightless setting powder with a cooling finish for long days in heat. Keeps shine down without going c,active
color-bloom-liquid-blush,Color Bloom Liquid Blush,<p>A pigmented liquid blush that blends to a seamless skin finish. Two drops is genuinely enough — start smaller than you think.</p><ul><li>Size: 6ml</li><li>Finish: Natural</li><li>Category: Face — Blush</li></ul>,SHEGLAM,Blush,"Face, Blush, Natural, Bestseller, Multi-Shade",TRUE,Shade,Pink Slip,,,,,SGPK-1017-PINK-SLIP,31,shopify,12,deny,manual,1990,,TRUE,TRUE,,,,FALSE,Color Bloom Liquid Blush | SHEGLAM PK,Buy Color Bloom Liquid Blush in Pakistan. A pigmented liquid blush that blends to a seamless skin finish. Two drops is genuinely enough — start smaller than you,active
color-bloom-liquid-blush,,,,,,,,On Call,,,,,SGPK-1017-ON-CALL,31,shopify,12,deny,manual,1990,,TRUE,TRUE,,,,,,,
color-bloom-liquid-blush,,,,,,,,Hot Topic,,,,,SGPK-1017-HOT-TOPIC,31,shopify,12,deny,manual,1990,,TRUE,TRUE,,,,,,,
color-bloom-liquid-blush,,,,,,,,Love Cake,,,,,SGPK-1017-LOVE-CAKE,31,shopify,12,deny,manual,1990,,TRUE,TRUE,,,,,,,
buttery-bliss-blush-stick,Buttery Bliss Blush Stick,<p>A creamy stick blush that draws on and melts out with a fingertip. Layer over cream products before any powder goes down.</p><ul><li>Size: 9g</li><li>Finish: Satin</li><li>Category: Face — Blush</li></ul>,SHEGLAM,Blush,"Face, Blush, Satin, Sale, Multi-Shade",TRUE,Shade,PHresh,,,,,SGPK-1018-PHRESH,34,shopify,12,deny,manual,1890,2290,TRUE,TRUE,https://sheglampk.com/assets/img/products/buttery-bliss-blush-stick.jpg,1,Buttery Bliss Blush Stick,FALSE,Buttery Bliss Blush Stick | SHEGLAM PK,Buy Buttery Bliss Blush Stick in Pakistan. A creamy stick blush that draws on and melts out with a fingertip. Layer over cream products before any powder goes d,active
buttery-bliss-blush-stick,,,,,,,,Sun Kissed,,,,,SGPK-1018-SUN-KISSED,34,shopify,12,deny,manual,1890,2290,TRUE,TRUE,,,,,,,
buttery-bliss-blush-stick,,,,,,,,Rosy,,,,,SGPK-1018-ROSY,34,shopify,12,deny,manual,1890,2290,TRUE,TRUE,,,,,,,
glass-glow-blush-stick,Glass Glow Blush Stick,"<p>A sheer, glassy blush stick that reads more like flushed skin than makeup. Best on bare or lightly covered skin.</p><ul><li>Size: 9g</li><li>Finish: Dewy</li><li>Category: Face — Blush</li></ul>",SHEGLAM,Blush,"Face, Blush, Dewy, Multi-Shade",TRUE,Shade,Pink Lemonade,,,,,SGPK-1019-PINK-LEMONAD,34,shopify,12,deny,manual,2290,,TRUE,TRUE,,,,FALSE,Glass Glow Blush Stick | SHEGLAM PK,"Buy Glass Glow Blush Stick in Pakistan. A sheer, glassy blush stick that reads more like flushed skin than makeup. Best on bare or lightly covered skin.",active
glass-glow-blush-stick,,,,,,,,Peach Fizz,,,,,SGPK-1019-PEACH-FIZZ,34,shopify,12,deny,manual,2290,,TRUE,TRUE,,,,,,,
sweet-cheeks-blush-trio,Sweet Cheeks Blush Trio,"<p>Three complementary matte powder blushes in one pan — use alone or blend together. Finely pressed, so no fallout on the cheeks.</p><ul><li>Size: 9g</li><li>Finish: Matte</li><li>Category: Face — Blush</li></ul>",SHEGLAM,Blush,"Face, Blush, Matte, Sale",TRUE,Title,Default Title,,,,,SGPK-1020,34,shopify,20,deny,manual,2190,2690,TRUE,TRUE,,,,FALSE,Sweet Cheeks Blush Trio | SHEGLAM PK,"Buy Sweet Cheeks Blush Trio in Pakistan. Three complementary matte powder blushes in one pan — use alone or blend together. Finely pressed, so no fallout on the",active
glow-bloom-liquid-highlighter,Glow Bloom Liquid Highlighter,<p>A liquid highlighter you can mix into foundation or place on the high points. Reflects rather than glitters.</p><ul><li>Size: 10ml</li><li>Finish: Radiant</li><li>Category: Face — Highlighter</li></ul>,SHEGLAM,Highlighter,"Face, Highlighter, Radiant, Multi-Shade",TRUE,Shade,Vanilla Frost,,,,,SGPK-1021-VANILLA-FROS,35,shopify,12,deny,manual,1590,,TRUE,TRUE,,,,FALSE,Glow Bloom Liquid Highlighter | SHEGLAM PK,Buy Glow Bloom Liquid Highlighter in Pakistan. A liquid highlighter you can mix into foundation or place on the high points. Reflects rather than glitters.,active
glow-bloom-liquid-highlighter,,,,,,,,Rose Gold,,,,,SGPK-1021-ROSE-GOLD,35,shopify,12,deny,manual,1590,,TRUE,TRUE,,,,,,,
buttery-bling-highlight-stick,Buttery Bling Highlight Stick,"<p>A cream highlight stick with a fine, wet-looking sheen. Draw on the cheekbone and tap out with a damp sponge.</p><ul><li>Size: 9g</li><li>Finish: Shimmer</li><li>Category: Face — Highlighter</li></ul>",SHEGLAM,Highlighter,"Face, Highlighter, Shimmer, Multi-Shade",TRUE,Shade,Vanilla Frost,,,,,SGPK-1022-VANILLA-FROS,34,shopify,12,deny,manual,2190,,TRUE,TRUE,,,,FALSE,Buttery Bling Highlight Stick | SHEGLAM PK,"Buy Buttery Bling Highlight Stick in Pakistan. A cream highlight stick with a fine, wet-looking sheen. Draw on the cheekbone and tap out with a damp sponge.",active
buttery-bling-highlight-stick,,,,,,,,Champagne,,,,,SGPK-1022-CHAMPAGNE,34,shopify,12,deny,manual,2190,,TRUE,TRUE,,,,,,,
sun-sculpt-liquid-contour,Sun Sculpt Liquid Contour,<p>A cool-toned liquid contour that mimics real shadow instead of reading orange. Three shades cover fair through deep.</p><ul><li>Size: 10ml</li><li>Finish: Matte</li><li>Category: Face — Contour &amp; Bronzer</li></ul>,SHEGLAM,Contour & Bronzer,"Face, Contour & Bronzer, Matte, Bestseller, Multi-Shade",TRUE,Shade,Soft Tan,,,,,SGPK-1023-SOFT-TAN,35,shopify,12,deny,manual,1990,,TRUE,TRUE,,,,FALSE,Sun Sculpt Liquid Contour | SHEGLAM PK,Buy Sun Sculpt Liquid Contour in Pakistan. A cool-toned liquid contour that mimics real shadow instead of reading orange. Three shades cover fair through deep.,active
sun-sculpt-liquid-contour,,,,,,,,Hazelnut Latte,,,,,SGPK-1023-HAZELNUT-LAT,35,shopify,12,deny,manual,1990,,TRUE,TRUE,,,,,,,
sun-sculpt-liquid-contour,,,,,,,,Espresso,,,,,SGPK-1023-ESPRESSO,35,shopify,6,deny,manual,1990,,TRUE,TRUE,,,,,,,
precision-sculpt-liquid-contour-duo,Precision Sculpt Liquid Contour Duo,"<p>Contour and a matching soft highlight in one double-ended tube. Built for quick, precise nose and jaw work.</p><ul><li>Size: 2 x 5ml</li><li>Finish: Matte</li><li>Category: Face — Contour &amp; Bronzer</li></ul>",SHEGLAM,Contour & Bronzer,"Face, Contour & Bronzer, Matte, Multi-Shade",TRUE,Shade,Soft Tan,,,,,SGPK-1024-SOFT-TAN,30,shopify,12,deny,manual,2290,,TRUE,TRUE,,,,FALSE,Precision Sculpt Liquid Contour Duo | SHEGLAM PK,"Buy Precision Sculpt Liquid Contour Duo in Pakistan. Contour and a matching soft highlight in one double-ended tube. Built for quick, precise nose and jaw work.",active
precision-sculpt-liquid-contour-duo,,,,,,,,Hazelnut Latte,,,,,SGPK-1024-HAZELNUT-LAT,30,shopify,12,deny,manual,2290,,TRUE,TRUE,,,,,,,
snatch-n-define-stick,Snatch 'n' Define Stick,<p>A firm cream contour stick that holds a sharp line before you blend it. Better than liquid for beginners learning placement.</p><ul><li>Size: 9g</li><li>Finish: Matte</li><li>Category: Face — Contour &amp; Bronzer</li></ul>,SHEGLAM,Contour & Bronzer,"Face, Contour & Bronzer, Matte, Multi-Shade",TRUE,Shade,Soft Tan,,,,,SGPK-1025-SOFT-TAN,34,shopify,12,deny,manual,1790,,TRUE,TRUE,,,,FALSE,Snatch 'n' Define Stick | SHEGLAM PK,Buy Snatch 'n' Define Stick in Pakistan. A firm cream contour stick that holds a sharp line before you blend it. Better than liquid for beginners learning place,active
snatch-n-define-stick,,,,,,,,Hazelnut Latte,,,,,SGPK-1025-HAZELNUT-LAT,34,shopify,12,deny,manual,1790,,TRUE,TRUE,,,,,,,
snatch-n-define-stick,,,,,,,,Espresso,,,,,SGPK-1025-ESPRESSO,34,shopify,6,deny,manual,1790,,TRUE,TRUE,,,,,,,
dream-touch-bronzer,Dream Touch Bronzer,<p>A warm powder bronzer for adding colour back after foundation. Use a fluffy brush and build in thin layers.</p><ul><li>Size: 10g</li><li>Finish: Satin</li><li>Category: Face — Contour &amp; Bronzer</li></ul>,SHEGLAM,Contour & Bronzer,"Face, Contour & Bronzer, Satin, Multi-Shade",TRUE,Shade,Golden Sun,,,,,SGPK-1026-GOLDEN-SUN,35,shopify,12,deny,manual,2090,,TRUE,TRUE,,,,FALSE,Dream Touch Bronzer | SHEGLAM PK,Buy Dream Touch Bronzer in Pakistan. A warm powder bronzer for adding colour back after foundation. Use a fluffy brush and build in thin layers.,active
dream-touch-bronzer,,,,,,,,Toffee,,,,,SGPK-1026-TOFFEE,35,shopify,12,deny,manual,2090,,TRUE,TRUE,,,,,,,
lock-d-in-setting-spray,Lock'd In Setting Spray,"<p>A fine-mist setting spray that locks makeup down for 16 hours. The mist is genuinely fine, so it melts powder edges instead of spotting them.</p><ul><li>Size: 80ml</li><li>Finish: Natural</li><li>Category: Face — Setting Spray</li></ul>",SHEGLAM,Setting Spray,"Face, Setting Spray, Natural, Bestseller",TRUE,Title,Default Title,,,,,SGPK-1027,105,shopify,20,deny,manual,2790,,TRUE,TRUE,,,,FALSE,Lock'd In Setting Spray | SHEGLAM PK,"Buy Lock'd In Setting Spray in Pakistan. A fine-mist setting spray that locks makeup down for 16 hours. The mist is genuinely fine, so it melts powder edges ins",active
matte-fresh-setting-spray,Matte Fresh Setting Spray,"<p>A shine-controlling finish spray for oily skin and humid days. Keeps the base matte without that tight, filmy feel.</p><ul><li>Size: 80ml</li><li>Finish: Matte</li><li>Category: Face — Setting Spray</li></ul>",SHEGLAM,Setting Spray,"Face, Setting Spray, Matte, Sale",TRUE,Title,Default Title,,,,,SGPK-1028,105,shopify,20,deny,manual,3190,3390,TRUE,TRUE,,,,FALSE,Matte Fresh Setting Spray | SHEGLAM PK,"Buy Matte Fresh Setting Spray in Pakistan. A shine-controlling finish spray for oily skin and humid days. Keeps the base matte without that tight, filmy feel.",active
light-me-up-luminous-setting-spray,Light Me Up Luminous Setting Spray,<p>A glow-finishing spray with micro-fine light reflectors. Mist from a distance or it can go patchy on matte foundation.</p><ul><li>Size: 80ml</li><li>Finish: Radiant</li><li>Category: Face — Setting Spray</li></ul>,SHEGLAM,Setting Spray,"Face, Setting Spray, Radiant, Sale",TRUE,Title,Default Title,,,,,SGPK-1029,105,shopify,20,deny,manual,2390,2790,TRUE,TRUE,,,,FALSE,Light Me Up Luminous Setting Spray | SHEGLAM PK,Buy Light Me Up Luminous Setting Spray in Pakistan. A glow-finishing spray with micro-fine light reflectors. Mist from a distance or it can go patchy on matte f,active
camera-on-blurring-waterproof-setting-spray,Camera On Blurring Waterproof Setting Spray,"<p>A waterproof, transfer-resistant setting spray for weddings and long events. Needs an oil cleanser to come off properly.</p><ul><li>Size: 80ml</li><li>Finish: Matte</li><li>Category: Face — Setting Spray</li></ul>",SHEGLAM,Setting Spray,"Face, Setting Spray, Matte, Sale",TRUE,Title,Default Title,,,,,SGPK-1030,105,shopify,20,deny,manual,2290,2790,TRUE,TRUE,,,,FALSE,Camera On Blurring Waterproof Setting Spray | SHEGLAM PK,"Buy Camera On Blurring Waterproof Setting Spray in Pakistan. A waterproof, transfer-resistant setting spray for weddings and long events. Needs an oil cleanser ",active
lashlighter-up-out-mascara,Lashlighter Up & Out Mascara,"<p>A curved brush mascara that lifts lashes up and fans them outward. Builds length first, volume on the second coat.</p><ul><li>Size: 8ml</li><li>Finish: Matte</li><li>Category: Eyes — Mascara</li></ul>",SHEGLAM,Mascara,"Eyes, Mascara, Matte, Bestseller, Multi-Shade",TRUE,Shade,Black,,,,,SGPK-1031-BLACK,33,shopify,12,deny,manual,1790,,TRUE,TRUE,,,,FALSE,Lashlighter Up & Out Mascara | SHEGLAM PK,"Buy Lashlighter Up & Out Mascara in Pakistan. A curved brush mascara that lifts lashes up and fans them outward. Builds length first, volume on the second coat.",active
lashlighter-up-out-mascara,,,,,,,,Brown,,,,,SGPK-1031-BROWN,33,shopify,12,deny,manual,1790,,TRUE,TRUE,,,,,,,
all-in-one-primer-tubing-volume-mascara,All-In-One Primer & Tubing Volume Mascara,"<p>A white primer on one end and a tubing mascara on the other. The tubes slide off with warm water — no raccoon eyes, no rubbing.</p><ul><li>Size: 2 x 4ml</li><li>Finish: Matte</li><li>Category: Eyes — Mascara</li></ul>",SHEGLAM,Mascara,"Eyes, Mascara, Matte",TRUE,Title,Default Title,,,,,SGPK-1032,29,shopify,20,deny,manual,1690,,TRUE,TRUE,,,,FALSE,All-In-One Primer & Tubing Volume Mascara | SHEGLAM PK,Buy All-In-One Primer & Tubing Volume Mascara in Pakistan. A white primer on one end and a tubing mascara on the other. The tubes slide off with warm water — no,active
pro-precision-waterproof-liquid-eyeliner,Pro Precision Waterproof Liquid Eyeliner,<p>A 0.5mm felt tip that holds its point through a full wing. Waterproof formula that does not flake off by mid-afternoon.</p><ul><li>Size: 1ml</li><li>Finish: Matte</li><li>Category: Eyes — Eyeliner</li></ul>,SHEGLAM,Eyeliner,"Eyes, Eyeliner, Matte, Multi-Shade",TRUE,Shade,Black,,,,,SGPK-1033-BLACK,26,shopify,12,deny,manual,1590,,TRUE,TRUE,,,,FALSE,Pro Precision Waterproof Liquid Eyeliner | SHEGLAM PK,Buy Pro Precision Waterproof Liquid Eyeliner in Pakistan. A 0.5mm felt tip that holds its point through a full wing. Waterproof formula that does not flake off ,active
pro-precision-waterproof-liquid-eyeliner,,,,,,,,Brown,,,,,SGPK-1033-BROWN,26,shopify,12,deny,manual,1590,,TRUE,TRUE,,,,,,,
boldline-longwear-multi-function-gel-liner,Boldline Longwear Multi-Function Gel Liner,<p>A retractable gel pencil soft enough to tightline and firm enough to smudge out before it sets. Sets fast — work one eye at a time.</p><ul><li>Size: 0.3g</li><li>Finish: Matte</li><li>Category: Eyes — Eyeliner</li></ul>,SHEGLAM,Eyeliner,"Eyes, Eyeliner, Matte, Multi-Shade",TRUE,Shade,Black,,,,,SGPK-1034-BLACK,25,shopify,12,deny,manual,1190,,TRUE,TRUE,,,,FALSE,Boldline Longwear Multi-Function Gel Liner | SHEGLAM PK,Buy Boldline Longwear Multi-Function Gel Liner in Pakistan. A retractable gel pencil soft enough to tightline and firm enough to smudge out before it sets. Sets,active
boldline-longwear-multi-function-gel-liner,,,,,,,,Brown,,,,,SGPK-1034-BROWN,25,shopify,12,deny,manual,1190,,TRUE,TRUE,,,,,,,
boldline-longwear-multi-function-gel-liner,,,,,,,,Navy,,,,,SGPK-1034-NAVY,25,shopify,12,deny,manual,1190,,TRUE,TRUE,,,,,,,
big-n-bright-eye-pencil,Big N' Bright Eye Pencil,<p>A brightening pencil for the waterline and inner corner. Nude reads more natural than white on most skin tones.</p><ul><li>Size: 0.3g</li><li>Finish: Satin</li><li>Category: Eyes — Eyeliner</li></ul>,SHEGLAM,Eyeliner,"Eyes, Eyeliner, Satin, Multi-Shade",TRUE,Shade,White,,,,,SGPK-1035-WHITE,25,shopify,12,deny,manual,990,,TRUE,TRUE,,,,FALSE,Big N' Bright Eye Pencil | SHEGLAM PK,Buy Big N' Bright Eye Pencil in Pakistan. A brightening pencil for the waterline and inner corner. Nude reads more natural than white on most skin tones.,active
big-n-bright-eye-pencil,,,,,,,,Nude,,,,,SGPK-1035-NUDE,25,shopify,12,deny,manual,990,,TRUE,TRUE,,,,,,,
streamline-brow-eyeliner-gel,Streamline Brow & Eyeliner Gel,<p>One gel that does hair-stroke brows and a clean liner with the same angled tip. Sets waterproof once it dries.</p><ul><li>Size: 4g</li><li>Finish: Matte</li><li>Category: Eyes — Brows</li></ul>,SHEGLAM,Brows,"Eyes, Brows, Matte, Sale, Multi-Shade",TRUE,Shade,Taupe,,,,,SGPK-1036-TAUPE,29,shopify,12,deny,manual,1890,2190,TRUE,TRUE,,,,FALSE,Streamline Brow & Eyeliner Gel | SHEGLAM PK,Buy Streamline Brow & Eyeliner Gel in Pakistan. One gel that does hair-stroke brows and a clean liner with the same angled tip. Sets waterproof once it dries.,active
streamline-brow-eyeliner-gel,,,,,,,,Soft Brown,,,,,SGPK-1036-SOFT-BROWN,29,shopify,12,deny,manual,1890,2190,TRUE,TRUE,,,,,,,
streamline-brow-eyeliner-gel,,,,,,,,Dark Brown,,,,,SGPK-1036-DARK-BROWN,29,shopify,12,deny,manual,1890,2190,TRUE,TRUE,,,,,,,
set-me-up-brow-gel,Set Me Up Brow Gel,"<p>A laminating brow gel that holds hairs brushed up all day without crunch. Clear works over pencil, tinted works alone.</p><ul><li>Size: 6ml</li><li>Finish: Natural</li><li>Category: Eyes — Brows</li></ul>",SHEGLAM,Brows,"Eyes, Brows, Natural, Multi-Shade",TRUE,Shade,Clear,,,,,SGPK-1037-CLEAR,31,shopify,12,deny,manual,1390,,TRUE,TRUE,,,,FALSE,Set Me Up Brow Gel | SHEGLAM PK,"Buy Set Me Up Brow Gel in Pakistan. A laminating brow gel that holds hairs brushed up all day without crunch. Clear works over pencil, tinted works alone.",active
set-me-up-brow-gel,,,,,,,,Soft Brown,,,,,SGPK-1037-SOFT-BROWN,31,shopify,12,deny,manual,1390,,TRUE,TRUE,,,,,,,
creamsicle-eyeshadow-stick,Creamsicle Eyeshadow Stick,<p>A blendable cream shadow stick that becomes a full eye look in about thirty seconds. Set with powder if your lids crease.</p><ul><li>Size: 1.4g</li><li>Finish: Satin</li><li>Category: Eyes — Eyeshadow</li></ul>,SHEGLAM,Eyeshadow,"Eyes, Eyeshadow, Satin, Multi-Shade",TRUE,Shade,Flirty,,,,,SGPK-1038-FLIRTY,26,shopify,12,deny,manual,1490,,TRUE,TRUE,https://sheglampk.com/assets/img/products/creamsicle-eyeshadow-stick.jpg,1,Creamsicle Eyeshadow Stick,FALSE,Creamsicle Eyeshadow Stick | SHEGLAM PK,Buy Creamsicle Eyeshadow Stick in Pakistan. A blendable cream shadow stick that becomes a full eye look in about thirty seconds. Set with powder if your lids cr,active
creamsicle-eyeshadow-stick,,,,,,,,Cocoa,,,,,SGPK-1038-COCOA,26,shopify,12,deny,manual,1490,,TRUE,TRUE,,,,,,,
creamsicle-eyeshadow-stick,,,,,,,,Champagne,,,,,SGPK-1038-CHAMPAGNE,26,shopify,12,deny,manual,1490,,TRUE,TRUE,,,,,,,
crystal-jelly-glaze-stick,Crystal Jelly Glaze Stick,<p>A jelly-textured glaze that lays down a wash of wet-look sparkle. Pat with a fingertip rather than blending with a brush.</p><ul><li>Size: 1.4g</li><li>Finish: Shimmer</li><li>Category: Eyes — Eyeshadow</li></ul>,SHEGLAM,Eyeshadow,"Eyes, Eyeshadow, Shimmer, Sale, Multi-Shade",TRUE,Shade,Starlit Silver,,,,,SGPK-1039-STARLIT-SILV,26,shopify,12,deny,manual,1590,1990,TRUE,TRUE,,,,FALSE,Crystal Jelly Glaze Stick | SHEGLAM PK,Buy Crystal Jelly Glaze Stick in Pakistan. A jelly-textured glaze that lays down a wash of wet-look sparkle. Pat with a fingertip rather than blending with a br,active
crystal-jelly-glaze-stick,,,,,,,,Rose Quartz,,,,,SGPK-1039-ROSE-QUARTZ,26,shopify,12,deny,manual,1590,1990,TRUE,TRUE,,,,,,,
crystal-jelly-glaze-stick,,,,,,,,Gold Dust,,,,,SGPK-1039-GOLD-DUST,26,shopify,12,deny,manual,1590,1990,TRUE,TRUE,,,,,,,
lunar-jelly-frosty-eyeshadow-stick,Lunar Jelly Frosty Eyeshadow Stick,"<p>A frosted jelly shadow with a cool, glassy finish. Sits beautifully over a matte crease shade.</p><ul><li>Size: 1.4g</li><li>Finish: Shimmer</li><li>Category: Eyes — Eyeshadow</li></ul>",SHEGLAM,Eyeshadow,"Eyes, Eyeshadow, Shimmer, New Arrival, Multi-Shade",TRUE,Shade,Caramel Candy,,,,,SGPK-1040-CARAMEL-CAND,26,shopify,12,deny,manual,1590,,TRUE,TRUE,,,,FALSE,Lunar Jelly Frosty Eyeshadow Stick | SHEGLAM PK,"Buy Lunar Jelly Frosty Eyeshadow Stick in Pakistan. A frosted jelly shadow with a cool, glassy finish. Sits beautifully over a matte crease shade.",active
lunar-jelly-frosty-eyeshadow-stick,,,,,,,,Moon Milk,,,,,SGPK-1040-MOON-MILK,26,shopify,12,deny,manual,1590,,TRUE,TRUE,,,,,,,
prismalight-baked-gelee-eyeshadow-duo,Prismalight Baked Gelee Eyeshadow Duo,<p>Two baked multichrome shades that shift colour depending on the light. Use damp for full intensity.</p><ul><li>Size: 5g</li><li>Finish: Shimmer</li><li>Category: Eyes — Eyeshadow</li></ul>,SHEGLAM,Eyeshadow,"Eyes, Eyeshadow, Shimmer",TRUE,Title,Default Title,,,,,SGPK-1041,30,shopify,20,deny,manual,3190,,TRUE,TRUE,,,,FALSE,Prismalight Baked Gelee Eyeshadow Duo | SHEGLAM PK,Buy Prismalight Baked Gelee Eyeshadow Duo in Pakistan. Two baked multichrome shades that shift colour depending on the light. Use damp for full intensity.,active
the-everywhere-4-in-1-pen,The Everywhere 4-In-1 Pen,"<p>Four coordinated shades in one pen for eyes, brows and inner corners. Built for travel and touch-ups in a small bag.</p><ul><li>Size: 4g</li><li>Finish: Satin</li><li>Category: Eyes — Eyeshadow</li></ul>",SHEGLAM,Eyeshadow,"Eyes, Eyeshadow, Satin",TRUE,Title,Default Title,,,,,SGPK-1042,29,shopify,20,deny,manual,1590,,TRUE,TRUE,,,,FALSE,The Everywhere 4-In-1 Pen | SHEGLAM PK,"Buy The Everywhere 4-In-1 Pen in Pakistan. Four coordinated shades in one pen for eyes, brows and inner corners. Built for travel and touch-ups in a small bag.",active
double-dot-freckle-pen,Double Dot Freckle Pen,<p>A dual-tip pen for tapping on faux freckles that look convincingly uneven. Dab and press with a finger to soften.</p><ul><li>Size: 1ml</li><li>Finish: Natural</li><li>Category: Eyes — Eyeshadow</li></ul>,SHEGLAM,Eyeshadow,"Eyes, Eyeshadow, Natural, Multi-Shade",TRUE,Shade,Fawn,,,,,SGPK-1043-FAWN,26,shopify,12,deny,manual,1390,,TRUE,TRUE,,,,FALSE,Double Dot Freckle Pen | SHEGLAM PK,Buy Double Dot Freckle Pen in Pakistan. A dual-tip pen for tapping on faux freckles that look convincingly uneven. Dab and press with a finger to soften.,active
double-dot-freckle-pen,,,,,,,,Cocoa,,,,,SGPK-1043-COCOA,26,shopify,12,deny,manual,1390,,TRUE,TRUE,,,,,,,
ready-set-eyeshadow-primer,Ready Set Eyeshadow Primer,<p>A gripping lid primer that stops cream shadow migrating into the crease. One thin layer only — more will pill.</p><ul><li>Size: 5ml</li><li>Finish: Natural</li><li>Category: Eyes — Eye Primer</li></ul>,SHEGLAM,Eye Primer,"Eyes, Eye Primer, Natural",TRUE,Title,Default Title,,,,,SGPK-1044,30,shopify,20,deny,manual,1390,,TRUE,TRUE,,,,FALSE,Ready Set Eyeshadow Primer | SHEGLAM PK,Buy Ready Set Eyeshadow Primer in Pakistan. A gripping lid primer that stops cream shadow migrating into the crease. One thin layer only — more will pill.,active
marshmallow-puff-lip-blur-pen,Marshmallow Puff Lip Blur Pen,"<p>A semi-liquid lip mud that dries to a soft, blurred matte with real colour payoff. Shea butter keeps it from going tight.</p><ul><li>Size: 1.75g</li><li>Finish: Matte</li><li>Category: Lips — Lip Tint</li></ul>",SHEGLAM,Lip Tint,"Lips, Lip Tint, Matte, Bestseller, Multi-Shade",TRUE,Shade,Gotcha,,,,,SGPK-1045-GOTCHA,27,shopify,12,deny,manual,1490,,TRUE,TRUE,,,,FALSE,Marshmallow Puff Lip Blur Pen | SHEGLAM PK,"Buy Marshmallow Puff Lip Blur Pen in Pakistan. A semi-liquid lip mud that dries to a soft, blurred matte with real colour payoff. Shea butter keeps it from goin",active
marshmallow-puff-lip-blur-pen,,,,,,,,High Key,,,,,SGPK-1045-HIGH-KEY,27,shopify,12,deny,manual,1490,,TRUE,TRUE,,,,,,,
marshmallow-puff-lip-blur-pen,,,,,,,,Berry Mousse,,,,,SGPK-1045-BERRY-MOUSSE,27,shopify,12,deny,manual,1490,,TRUE,TRUE,,,,,,,
marshmallow-puff-lip-blur-pen,,,,,,,,Milk Fluff,,,,,SGPK-1045-MILK-FLUFF,27,shopify,12,deny,manual,1490,,TRUE,TRUE,,,,,,,
glass-lock-air-gloss,Glass Lock Air Gloss,<p>A weightless gloss with glass-like shine and no stickiness at all. Layers over anything without disturbing the colour underneath.</p><ul><li>Size: 3ml</li><li>Finish: Dewy</li><li>Category: Lips — Lip Gloss</li></ul>,SHEGLAM,Lip Gloss,"Lips, Lip Gloss, Dewy, Sale, Multi-Shade",TRUE,Shade,Strawberry Milk,,,,,SGPK-1046-STRAWBERRY-M,28,shopify,12,deny,manual,1290,1790,TRUE,TRUE,,,,FALSE,Glass Lock Air Gloss | SHEGLAM PK,Buy Glass Lock Air Gloss in Pakistan. A weightless gloss with glass-like shine and no stickiness at all. Layers over anything without disturbing the colour unde,active
glass-lock-air-gloss,,,,,,,,Peach Soda,,,,,SGPK-1046-PEACH-SODA,28,shopify,12,deny,manual,1290,1790,TRUE,TRUE,,,,,,,
glass-lock-air-gloss,,,,,,,,Clear,,,,,SGPK-1046-CLEAR,28,shopify,12,deny,manual,1290,1790,TRUE,TRUE,,,,,,,
glazed-locked-glossy-lip-tint,Glazed & Locked Glossy Lip Tint,"<p>A tint that stains underneath and glosses on top, so colour survives a cup of chai. Reapply the shine, not the colour.</p><ul><li>Size: 3ml</li><li>Finish: Dewy</li><li>Category: Lips — Lip Tint</li></ul>",SHEGLAM,Lip Tint,"Lips, Lip Tint, Dewy, New Arrival, Multi-Shade",TRUE,Shade,Sepia Kiss,,,,,SGPK-1047-SEPIA-KISS,28,shopify,12,deny,manual,1590,,TRUE,TRUE,,,,FALSE,Glazed & Locked Glossy Lip Tint | SHEGLAM PK,"Buy Glazed & Locked Glossy Lip Tint in Pakistan. A tint that stains underneath and glosses on top, so colour survives a cup of chai. Reapply the shine, not the ",active
glazed-locked-glossy-lip-tint,,,,,,,,Rosewater,,,,,SGPK-1047-ROSEWATER,28,shopify,12,deny,manual,1590,,TRUE,TRUE,,,,,,,
glazed-locked-glossy-lip-tint,,,,,,,,Mulberry,,,,,SGPK-1047-MULBERRY,28,shopify,12,deny,manual,1590,,TRUE,TRUE,,,,,,,
fall-in-line-peel-off-lip-liner-stain,Fall In Line Peel Off Lip Liner Stain,"<p>Paint on, wait, peel off — and the stain stays put for hours. Overline gently; the peel picks up exactly where you drew.</p><ul><li>Size: 2.5ml</li><li>Finish: Matte</li><li>Category: Lips — Lip Liner</li></ul>",SHEGLAM,Lip Liner,"Lips, Lip Liner, Matte, Sale, Multi-Shade",TRUE,Shade,Pinky Promise,,,,,SGPK-1048-PINKY-PROMIS,28,shopify,12,deny,manual,1290,1490,TRUE,TRUE,,,,FALSE,Fall In Line Peel Off Lip Liner Stain | SHEGLAM PK,"Buy Fall In Line Peel Off Lip Liner Stain in Pakistan. Paint on, wait, peel off — and the stain stays put for hours. Overline gently; the peel picks up exactly ",active
fall-in-line-peel-off-lip-liner-stain,,,,,,,,Berry,,,,,SGPK-1048-BERRY,28,shopify,12,deny,manual,1290,1490,TRUE,TRUE,,,,,,,
line-to-shine-peel-off-lip-stain-gloss-duo,Line To Shine Peel-Off Lip Stain & Gloss Duo,<p>A peel-off stain on one end and a matching gloss on the other. The full long-wear lip routine in a single tube.</p><ul><li>Size: 2 x 2ml</li><li>Finish: Dewy</li><li>Category: Lips — Lip Liner</li></ul>,SHEGLAM,Lip Liner,"Lips, Lip Liner, Dewy, Multi-Shade",TRUE,Shade,Berry Milkshake,,,,,SGPK-1049-BERRY-MILKSH,27,shopify,12,deny,manual,1390,,TRUE,TRUE,,,,FALSE,Line To Shine Peel-Off Lip Stain & Gloss Duo | SHEGLAM PK,Buy Line To Shine Peel-Off Lip Stain & Gloss Duo in Pakistan. A peel-off stain on one end and a matching gloss on the other. The full long-wear lip routine in a,active
line-to-shine-peel-off-lip-stain-gloss-duo,,,,,,,,Rose Latte,,,,,SGPK-1049-ROSE-LATTE,27,shopify,12,deny,manual,1390,,TRUE,TRUE,,,,,,,
hydra-jelly-pocket-lip-jam,Hydra Jelly Pocket Lip Jam,<p>A jelly balm in a pocket pot with a sheer wash of colour. Genuinely hydrating rather than just shiny.</p><ul><li>Size: 5g</li><li>Finish: Dewy</li><li>Category: Lips — Lip Balm</li></ul>,SHEGLAM,Lip Balm,"Lips, Lip Balm, Dewy, Multi-Shade",TRUE,Shade,Fig Flirt,,,,,SGPK-1050-FIG-FLIRT,30,shopify,12,deny,manual,1590,,TRUE,TRUE,,,,FALSE,Hydra Jelly Pocket Lip Jam | SHEGLAM PK,Buy Hydra Jelly Pocket Lip Jam in Pakistan. A jelly balm in a pocket pot with a sheer wash of colour. Genuinely hydrating rather than just shiny.,active
hydra-jelly-pocket-lip-jam,,,,,,,,Peach Jam,,,,,SGPK-1050-PEACH-JAM,30,shopify,12,deny,manual,1590,,TRUE,TRUE,,,,,,,
bounce-putty-pocket-lip-pot,Bounce Putty Pocket Lip Pot,<p>A bouncy putty texture that cushions on the lips with a satin finish. Sits well over liner without sliding.</p><ul><li>Size: 5g</li><li>Finish: Satin</li><li>Category: Lips — Lip Balm</li></ul>,SHEGLAM,Lip Balm,"Lips, Lip Balm, Satin, Multi-Shade",TRUE,Shade,High Key,,,,,SGPK-1051-HIGH-KEY,30,shopify,12,deny,manual,1890,,TRUE,TRUE,https://sheglampk.com/assets/img/products/bounce-putty-pocket-lip-pot.jpg,1,Bounce Putty Pocket Lip Pot,FALSE,Bounce Putty Pocket Lip Pot | SHEGLAM PK,Buy Bounce Putty Pocket Lip Pot in Pakistan. A bouncy putty texture that cushions on the lips with a satin finish. Sits well over liner without sliding.,active
bounce-putty-pocket-lip-pot,,,,,,,,Mauve,,,,,SGPK-1051-MAUVE,30,shopify,12,deny,manual,1890,,TRUE,TRUE,,,,,,,
air-plush-lip-cheek-cream,Air Plush Lip & Cheek Cream,<p>One airy cream for lips and cheeks that keeps a look cohesive. Blends out on the cheek before it sets — work quickly.</p><ul><li>Size: 6ml</li><li>Finish: Natural</li><li>Category: Lips — Lip Tint</li></ul>,SHEGLAM,Lip Tint,"Lips, Lip Tint, Natural, Sale, Multi-Shade",TRUE,Shade,High Winds,,,,,SGPK-1052-HIGH-WINDS,31,shopify,12,deny,manual,1790,1990,TRUE,TRUE,,,,FALSE,Air Plush Lip & Cheek Cream | SHEGLAM PK,Buy Air Plush Lip & Cheek Cream in Pakistan. One airy cream for lips and cheeks that keeps a look cohesive. Blends out on the cheek before it sets — work quickl,active
air-plush-lip-cheek-cream,,,,,,,,Soft Bloom,,,,,SGPK-1052-SOFT-BLOOM,31,shopify,12,deny,manual,1790,1990,TRUE,TRUE,,,,,,,
jelly-wow-hydrating-lip-oil,Jelly Wow Hydrating Lip Oil,<p>A non-sticky lip oil that treats overnight and shines during the day. The doe-foot holds enough for a full lip in one dip.</p><ul><li>Size: 5ml</li><li>Finish: Dewy</li><li>Category: Lips — Lip Balm</li></ul>,SHEGLAM,Lip Balm,"Lips, Lip Balm, Dewy, Multi-Shade",TRUE,Shade,Clear,,,,,SGPK-1053-CLEAR,30,shopify,12,deny,manual,1690,,TRUE,TRUE,,,,FALSE,Jelly Wow Hydrating Lip Oil | SHEGLAM PK,Buy Jelly Wow Hydrating Lip Oil in Pakistan. A non-sticky lip oil that treats overnight and shines during the day. The doe-foot holds enough for a full lip in o,active
jelly-wow-hydrating-lip-oil,,,,,,,,Cherry Tint,,,,,SGPK-1053-CHERRY-TINT,30,shopify,12,deny,manual,1690,,TRUE,TRUE,,,,,,,
jelly-wow-hydrating-lip-oil,,,,,,,,Honey,,,,,SGPK-1053-HONEY,30,shopify,12,deny,manual,1690,,TRUE,TRUE,,,,,,,
blend-ready-makeup-sponge-duo,Blend Ready Makeup Sponge Duo,"<p>Two latex-free sponges that double in size when damp. One for base, one for concealer and setting powder.</p><ul><li>Size: 2 pieces</li><li>Finish: Natural</li><li>Category: Tools &amp; Others — Sponges</li></ul>",SHEGLAM,Sponges,"Tools & Others, Sponges, Natural",TRUE,Title,Default Title,,,,,SGPK-1054,40,shopify,20,deny,manual,990,,TRUE,TRUE,,,,FALSE,Blend Ready Makeup Sponge Duo | SHEGLAM PK,"Buy Blend Ready Makeup Sponge Duo in Pakistan. Two latex-free sponges that double in size when damp. One for base, one for concealer and setting powder.",active
precision-face-brush-set,Precision Face Brush Set,"<p>Five synthetic face brushes covering foundation, concealer, blush, contour and powder. Dense enough to buff without streaking.</p><ul><li>Size: 5 pieces</li><li>Finish: Natural</li><li>Category: Tools &amp; Others — Brushes</li></ul>",SHEGLAM,Brushes,"Tools & Others, Brushes, Natural, Sale",TRUE,Title,Default Title,,,,,SGPK-1055,40,shopify,20,deny,manual,3490,3990,TRUE,TRUE,,,,FALSE,Precision Face Brush Set | SHEGLAM PK,"Buy Precision Face Brush Set in Pakistan. Five synthetic face brushes covering foundation, concealer, blush, contour and powder. Dense enough to buff without st",active
everyday-eye-brush-set,Everyday Eye Brush Set,"<p>A packer, a blender, a pencil and an angled liner brush — the four that actually get used. Soft synthetic bristles that do not scratch the lid.</p><ul><li>Size: 4 pieces</li><li>Finish: Natural</li><li>Category: Tools &amp; Others — Brushes</li></ul>",SHEGLAM,Brushes,"Tools & Others, Brushes, Natural",TRUE,Title,Default Title,,,,,SGPK-1056,40,shopify,20,deny,manual,2490,,TRUE,TRUE,,,,FALSE,Everyday Eye Brush Set | SHEGLAM PK,"Buy Everyday Eye Brush Set in Pakistan. A packer, a blender, a pencil and an angled liner brush — the four that actually get used. Soft synthetic bristles that ",active
glam-kit-cosmetic-pouch,Glam Kit Cosmetic Pouch,"<p>A wipe-clean zip pouch sized for a full daily kit. Water-resistant lining, flat base so it stands on a counter.</p><ul><li>Size: One size</li><li>Finish: Natural</li><li>Category: Tools &amp; Others — Accessories</li></ul>",SHEGLAM,Accessories,"Tools & Others, Accessories, Natural",TRUE,Title,Default Title,,,,,SGPK-1057,40,shopify,20,deny,manual,1690,,TRUE,TRUE,,,,FALSE,Glam Kit Cosmetic Pouch | SHEGLAM PK,"Buy Glam Kit Cosmetic Pouch in Pakistan. A wipe-clean zip pouch sized for a full daily kit. Water-resistant lining, flat base so it stands on a counter.",active
pro-lash-curler,Pro Lash Curler,<p>A stainless curler with a wide-fit plate that suits most eye shapes. Comes with one spare silicone pad.</p><ul><li>Size: One size</li><li>Finish: Natural</li><li>Category: Tools &amp; Others — Accessories</li></ul>,SHEGLAM,Accessories,"Tools & Others, Accessories, Natural",TRUE,Title,Default Title,,,,,SGPK-1058,40,shopify,20,deny,manual,890,,TRUE,TRUE,,,,FALSE,Pro Lash Curler | SHEGLAM PK,Buy Pro Lash Curler in Pakistan. A stainless curler with a wide-fit plate that suits most eye shapes. Comes with one spare silicone pad.,active
silicone-brush-cleaning-mat,Silicone Brush Cleaning Mat,<p>A suction-backed textured mat that gets brushes properly clean in half the time. Fits in a standard basin.</p><ul><li>Size: One size</li><li>Finish: Natural</li><li>Category: Tools &amp; Others — Accessories</li></ul>,SHEGLAM,Accessories,"Tools & Others, Accessories, Natural",TRUE,Title,Default Title,,,,,SGPK-1059,40,shopify,20,deny,manual,690,,TRUE,TRUE,,,,FALSE,Silicone Brush Cleaning Mat | SHEGLAM PK,Buy Silicone Brush Cleaning Mat in Pakistan. A suction-backed textured mat that gets brushes properly clean in half the time. Fits in a standard basin.,active
wake-up-call-undereye-color-corrector,Wake Up Call Undereye Color Corrector,<p>A creamy concealer that lifts shadow without caking. Works on its own or layered under the rest of your base.</p><ul><li>Size: 6ml</li><li>Finish: Natural</li><li>Category: Face — Concealer</li></ul>,SHEGLAM,Concealer,"Face, Concealer, Natural, Bestseller, Multi-Shade",TRUE,Shade,Peach,,,,,SGPK-1061-PEACH,31,shopify,12,deny,manual,1490,,TRUE,TRUE,,,,FALSE,Wake Up Call Undereye Color Corrector | SHEGLAM PK,Buy Wake Up Call Undereye Color Corrector in Pakistan. A creamy concealer that lifts shadow without caking. Works on its own or layered under the rest of your b,active
triple-threat-correcting-primer,Triple Threat Correcting Primer,<p>A smoothing base that evens out texture before colour goes on. Comfortable enough for all-day wear in Pakistani heat.</p><ul><li>Size: 30ml</li><li>Finish: Natural</li><li>Category: Face — Primer</li></ul>,SHEGLAM,Primer,"Face, Primer, Natural",TRUE,Title,Default Title,,,,,SGPK-1062,55,shopify,20,deny,manual,2790,,TRUE,TRUE,,,,FALSE,Triple Threat Correcting Primer | SHEGLAM PK,Buy Triple Threat Correcting Primer in Pakistan. A smoothing base that evens out texture before colour goes on. Comfortable enough for all-day wear in Pakistani,active
good-grip-hydrating-primer-travel-size,Good Grip Hydrating Primer-Travel Size,<p>A lightweight base layer that buys your makeup extra hours. Suits everyday wear as easily as a full evening look.</p><ul><li>Size: 30ml</li><li>Finish: Dewy</li><li>Category: Face — Primer</li></ul>,SHEGLAM,Primer,"Face, Primer, Dewy",TRUE,Title,Default Title,,,,,SGPK-1063,55,shopify,20,deny,manual,3090,,TRUE,TRUE,,,,FALSE,Good Grip Hydrating Primer-Travel Size | SHEGLAM PK,Buy Good Grip Hydrating Primer-Travel Size in Pakistan. A lightweight base layer that buys your makeup extra hours. Suits everyday wear as easily as a full even,active
press-refresh-setting-spray,Press Refresh Setting Spray,<p>The last step: a fine mist that stops makeup shifting. Best applied in thin layers and built up rather than laid on heavily.</p><ul><li>Size: 80ml</li><li>Finish: Natural</li><li>Category: Face — Setting Spray</li></ul>,SHEGLAM,Setting Spray,"Face, Setting Spray, Natural, New Arrival, Sale",TRUE,Title,Default Title,,,,,SGPK-1064,105,shopify,20,deny,manual,6090,7590,TRUE,TRUE,,,,FALSE,Press Refresh Setting Spray | SHEGLAM PK,Buy Press Refresh Setting Spray in Pakistan. The last step: a fine mist that stops makeup shifting. Best applied in thin layers and built up rather than laid on,active
good-grip-hydrating-primer-blueberry-aha,Good Grip Hydrating Primer-Blueberry + AHA,<p>A grip primer that gives foundation something to hold onto. Best applied in thin layers and built up rather than laid on heavily.</p><ul><li>Size: 30ml</li><li>Finish: Dewy</li><li>Category: Face — Primer</li></ul>,SHEGLAM,Primer,"Face, Primer, Dewy, Bestseller",TRUE,Title,Default Title,,,,,SGPK-1065,55,shopify,20,deny,manual,1390,,TRUE,TRUE,,,,FALSE,Good Grip Hydrating Primer-Blueberry + AHA | SHEGLAM PK,Buy Good Grip Hydrating Primer-Blueberry + AHA in Pakistan. A grip primer that gives foundation something to hold onto. Best applied in thin layers and built up,active
good-grip-hydrating-prime-set-spray,Good Grip Hydrating Prime & Set Spray,<p>A fine-mist finishing spray that locks the whole face down. Blend while it is still moving; it sets quickly once placed.</p><ul><li>Size: 80ml</li><li>Finish: Dewy</li><li>Category: Face — Setting Spray</li></ul>,SHEGLAM,Setting Spray,"Face, Setting Spray, Dewy",TRUE,Title,Default Title,,,,,SGPK-1066,105,shopify,20,deny,manual,4690,,TRUE,TRUE,,,,FALSE,Good Grip Hydrating Prime & Set Spray | SHEGLAM PK,Buy Good Grip Hydrating Prime & Set Spray in Pakistan. A fine-mist finishing spray that locks the whole face down. Blend while it is still moving; it sets quick,active
berry-cute-cake-blush,Berry Cute Cake Blush,<p>A blendable blush that builds from a hint to a statement. Suits everyday wear as easily as a full evening look.</p><ul><li>Size: 6ml</li><li>Finish: Natural</li><li>Category: Face — Blush</li></ul>,SHEGLAM,Blush,"Face, Blush, Natural, Sale",TRUE,Title,Default Title,,,,,SGPK-1067,31,shopify,20,deny,manual,2290,2890,TRUE,TRUE,,,,FALSE,Berry Cute Cake Blush | SHEGLAM PK,Buy Berry Cute Cake Blush in Pakistan. A blendable blush that builds from a hint to a statement. Suits everyday wear as easily as a full evening look.,active
glowchi-bouncy-highlighter,Glowchi Bouncy Highlighter,<p>A luminous finish for the high points of the face. Patch test before first use if your skin is sensitive.</p><ul><li>Size: 10ml</li><li>Finish: Dewy</li><li>Category: Face — Highlighter</li></ul>,SHEGLAM,Highlighter,"Face, Highlighter, Dewy, Multi-Shade",TRUE,Shade,Cherry Blossom,,,,,SGPK-1068-CHERRY-BLOSS,35,shopify,12,deny,manual,1990,,TRUE,TRUE,,,,FALSE,Glowchi Bouncy Highlighter | SHEGLAM PK,Buy Glowchi Bouncy Highlighter in Pakistan. A luminous finish for the high points of the face. Patch test before first use if your skin is sensitive.,active
buttercream-bliss-canvas-primer,Buttercream Bliss Canvas Primer,<p>A grip primer that gives foundation something to hold onto. A little goes a long way — start with less than you think you need.</p><ul><li>Size: 30ml</li><li>Finish: Natural</li><li>Category: Face — Primer</li></ul>,SHEGLAM,Primer,"Face, Primer, Natural, Bestseller",TRUE,Title,Default Title,,,,,SGPK-1069,55,shopify,20,deny,manual,1290,,TRUE,TRUE,,,,FALSE,Buttercream Bliss Canvas Primer | SHEGLAM PK,Buy Buttercream Bliss Canvas Primer in Pakistan. A grip primer that gives foundation something to hold onto. A little goes a long way — start with less than you,active
lucky-duck-3d-highlighter,Lucky Duck 3D Highlighter,<p>A glow that catches the light without glitter. A little goes a long way — start with less than you think you need.</p><ul><li>Size: 10ml</li><li>Finish: Natural</li><li>Category: Face — Highlighter</li></ul>,SHEGLAM,Highlighter,"Face, Highlighter, Natural",TRUE,Title,Default Title,,,,,SGPK-1070,35,shopify,20,deny,manual,1690,,TRUE,TRUE,,,,FALSE,Lucky Duck 3D Highlighter | SHEGLAM PK,Buy Lucky Duck 3D Highlighter in Pakistan. A glow that catches the light without glitter. A little goes a long way — start with less than you think you need.,active
beaming-butterfly-highlighter,Beaming Butterfly Highlighter,<p>A glow that catches the light without glitter. Comfortable enough for all-day wear in Pakistani heat.</p><ul><li>Size: 10ml</li><li>Finish: Natural</li><li>Category: Face — Highlighter</li></ul>,SHEGLAM,Highlighter,"Face, Highlighter, Natural, Bestseller",TRUE,Title,Default Title,,,,,SGPK-1071,35,shopify,20,deny,manual,1590,,TRUE,TRUE,,,,FALSE,Beaming Butterfly Highlighter | SHEGLAM PK,Buy Beaming Butterfly Highlighter in Pakistan. A glow that catches the light without glitter. Comfortable enough for all-day wear in Pakistani heat.,active
fine-line-2-in-1-nose-contour-highlight-pen,Fine Line 2-In-1 Nose Contour & Highlight Pen,<p>A glow that catches the light without glitter. Comfortable enough for all-day wear in Pakistani heat.</p><ul><li>Size: 10ml</li><li>Finish: Natural</li><li>Category: Face — Highlighter</li></ul>,SHEGLAM,Highlighter,"Face, Highlighter, Natural",TRUE,Title,Default Title,,,,,SGPK-1072,35,shopify,20,deny,manual,1690,,TRUE,TRUE,,,,FALSE,Fine Line 2-In-1 Nose Contour & Highlight Pen | SHEGLAM PK,Buy Fine Line 2-In-1 Nose Contour & Highlight Pen in Pakistan. A glow that catches the light without glitter. Comfortable enough for all-day wear in Pakistani h,active
multi-fix-concealer-and-color-corrector,Multi-Fix Concealer And Color Corrector,<p>A concealer that brightens without settling into lines. Works on its own or layered under the rest of your base.</p><ul><li>Size: 6ml</li><li>Finish: Natural</li><li>Category: Face — Concealer</li></ul>,SHEGLAM,Concealer,"Face, Concealer, Natural, Sale, Multi-Shade",TRUE,Shade,Vanilla,,,,,SGPK-1073-VANILLA,31,shopify,12,deny,manual,1890,2390,TRUE,TRUE,,,,FALSE,Multi-Fix Concealer And Color Corrector | SHEGLAM PK,Buy Multi-Fix Concealer And Color Corrector in Pakistan. A concealer that brightens without settling into lines. Works on its own or layered under the rest of y,active
all-about-that-face-multifunctional-face-palette,All About That Face Multifunctional Face Palette,<p>Definition that mimics real shadow. A little goes a long way — start with less than you think you need.</p><ul><li>Size: 10ml</li><li>Finish: Natural</li><li>Category: Face — Contour &amp; Bronzer</li></ul>,SHEGLAM,Contour & Bronzer,"Face, Contour & Bronzer, Natural, Bestseller, Multi-Shade",TRUE,Shade,Vanilla Sculpt,,,,,SGPK-1074-VANILLA-SCUL,35,shopify,12,deny,manual,3390,,TRUE,TRUE,,,,FALSE,All About That Face Multifunctional Face Palette | SHEGLAM PK,Buy All About That Face Multifunctional Face Palette in Pakistan. Definition that mimics real shadow. A little goes a long way — start with less than you think ,active
sunkissed-body-highlighter,Sunkissed Body Highlighter,<p>A glow that catches the light without glitter. Blend while it is still moving; it sets quickly once placed.</p><ul><li>Size: 10ml</li><li>Finish: Natural</li><li>Category: Face — Highlighter</li></ul>,SHEGLAM,Highlighter,"Face, Highlighter, Natural, Multi-Shade",TRUE,Shade,Eros,,,,,SGPK-1075-EROS,35,shopify,12,deny,manual,1790,,TRUE,TRUE,,,,FALSE,Sunkissed Body Highlighter | SHEGLAM PK,Buy Sunkissed Body Highlighter in Pakistan. A glow that catches the light without glitter. Blend while it is still moving; it sets quickly once placed.,active
insta-ready-sunset-blur-setting-powder,Insta-Ready Sunset Blur Setting Powder,<p>A finely milled powder that sets without flashback. Works on its own or layered under the rest of your base.</p><ul><li>Size: 8g</li><li>Finish: Matte</li><li>Category: Face — Powder</li></ul>,SHEGLAM,Powder,"Face, Powder, Matte, Multi-Shade",TRUE,Shade,Bisque,,,,,SGPK-1076-BISQUE,33,shopify,12,deny,manual,3190,,TRUE,TRUE,,,,FALSE,Insta-Ready Sunset Blur Setting Powder | SHEGLAM PK,Buy Insta-Ready Sunset Blur Setting Powder in Pakistan. A finely milled powder that sets without flashback. Works on its own or layered under the rest of your b,active
multi-glam-face-pen,Multi-Glam Face Pen,"<p>A sculpting shade for cheekbones, jaw and nose. Patch test before first use if your skin is sensitive.</p><ul><li>Size: 10ml</li><li>Finish: Natural</li><li>Category: Face — Contour &amp; Bronzer</li></ul>",SHEGLAM,Contour & Bronzer,"Face, Contour & Bronzer, Natural, Multi-Shade",TRUE,Shade,Tan,,,,,SGPK-1077-TAN,35,shopify,12,deny,manual,2090,,TRUE,TRUE,,,,FALSE,Multi-Glam Face Pen | SHEGLAM PK,"Buy Multi-Glam Face Pen in Pakistan. A sculpting shade for cheekbones, jaw and nose. Patch test before first use if your skin is sensitive.",active
cutie-paw-blush-stamp,Cutie Paw Blush Stamp,<p>Colour that reads like a natural flush. Best applied in thin layers and built up rather than laid on heavily.</p><ul><li>Size: 6ml</li><li>Finish: Natural</li><li>Category: Face — Blush</li></ul>,SHEGLAM,Blush,"Face, Blush, Natural, Multi-Shade",TRUE,Shade,Love Cake,,,,,SGPK-1078-LOVE-CAKE,31,shopify,12,deny,manual,2090,,TRUE,TRUE,,,,FALSE,Cutie Paw Blush Stamp | SHEGLAM PK,Buy Cutie Paw Blush Stamp in Pakistan. Colour that reads like a natural flush. Best applied in thin layers and built up rather than laid on heavily.,active
insta-ready-face-under-eye-setting-powder-duo,Insta-Ready Face & Under Eye Setting Powder Duo,<p>A soft-focus powder for setting and baking. Best applied in thin layers and built up rather than laid on heavily.</p><ul><li>Size: 8g</li><li>Finish: Natural</li><li>Category: Face — Powder</li></ul>,SHEGLAM,Powder,"Face, Powder, Natural, Multi-Shade",TRUE,Shade,Taro,,,,,SGPK-1079-TARO,33,shopify,12,deny,manual,5090,,TRUE,TRUE,,,,FALSE,Insta-Ready Face & Under Eye Setting Powder Duo | SHEGLAM PK,Buy Insta-Ready Face & Under Eye Setting Powder Duo in Pakistan. A soft-focus powder for setting and baking. Best applied in thin layers and built up rather tha,active
melon-melt-niacinamide-serum-primer,Melon Melt Niacinamide Serum Primer,<p>A smoothing base that evens out texture before colour goes on. Best applied in thin layers and built up rather than laid on heavily.</p><ul><li>Size: 30ml</li><li>Finish: Natural</li><li>Category: Face — Primer</li></ul>,SHEGLAM,Primer,"Face, Primer, Natural",TRUE,Title,Default Title,,,,,SGPK-1080,55,shopify,20,deny,manual,2390,,TRUE,TRUE,,,,FALSE,Melon Melt Niacinamide Serum Primer | SHEGLAM PK,Buy Melon Melt Niacinamide Serum Primer in Pakistan. A smoothing base that evens out texture before colour goes on. Best applied in thin layers and built up rat,active
even-better-color-correcting-primer,Even Better Color Correcting Primer,<p>A grip primer that gives foundation something to hold onto. Blend while it is still moving; it sets quickly once placed.</p><ul><li>Size: 30ml</li><li>Finish: Natural</li><li>Category: Face — Primer</li></ul>,SHEGLAM,Primer,"Face, Primer, Natural, Multi-Shade",TRUE,Shade,Green,,,,,SGPK-1081-GREEN,55,shopify,12,deny,manual,1990,,TRUE,TRUE,,,,FALSE,Even Better Color Correcting Primer | SHEGLAM PK,Buy Even Better Color Correcting Primer in Pakistan. A grip primer that gives foundation something to hold onto. Blend while it is still moving; it sets quickly,active
go-go-glow-highlighting-body-mist,Go Go Glow Highlighting Body Mist,<p>A soft-focus sheen rather than a hard shimmer. Works on its own or layered under the rest of your base.</p><ul><li>Size: 10ml</li><li>Finish: Dewy</li><li>Category: Face — Highlighter</li></ul>,SHEGLAM,Highlighter,"Face, Highlighter, Dewy, New Arrival, Sale, Multi-Shade",TRUE,Shade,Gold,,,,,SGPK-1082-GOLD,35,shopify,12,deny,manual,2390,2990,TRUE,TRUE,,,,FALSE,Go Go Glow Highlighting Body Mist | SHEGLAM PK,Buy Go Go Glow Highlighting Body Mist in Pakistan. A soft-focus sheen rather than a hard shimmer. Works on its own or layered under the rest of your base.,active
sun-beam-matte-liquid-bronzer,Sun Beam Matte Liquid Bronzer,<p>Warmth and structure without going orange. Suits everyday wear as easily as a full evening look.</p><ul><li>Size: 10ml</li><li>Finish: Matte</li><li>Category: Face — Contour &amp; Bronzer</li></ul>,SHEGLAM,Contour & Bronzer,"Face, Contour & Bronzer, Matte, New Arrival, Sale, Multi-Shade",TRUE,Shade,Toffee,,,,,SGPK-1083-TOFFEE,35,shopify,12,deny,manual,2390,2990,TRUE,TRUE,,,,FALSE,Sun Beam Matte Liquid Bronzer | SHEGLAM PK,Buy Sun Beam Matte Liquid Bronzer in Pakistan. Warmth and structure without going orange. Suits everyday wear as easily as a full evening look.,active
chroma-zone-multichrome-highlighter,Chroma Zone Multichrome Highlighter,<p>A soft-focus sheen rather than a hard shimmer. Blend while it is still moving; it sets quickly once placed.</p><ul><li>Size: 10ml</li><li>Finish: Shimmer</li><li>Category: Face — Highlighter</li></ul>,SHEGLAM,Highlighter,"Face, Highlighter, Shimmer, New Arrival, Sale, Multi-Shade",TRUE,Shade,Lucid,,,,,SGPK-1084-LUCID,35,shopify,12,deny,manual,2290,2890,TRUE,TRUE,,,,FALSE,Chroma Zone Multichrome Highlighter | SHEGLAM PK,Buy Chroma Zone Multichrome Highlighter in Pakistan. A soft-focus sheen rather than a hard shimmer. Blend while it is still moving; it sets quickly once placed.,active
floral-flush-blush-palette,Floral Flush Blush Palette,<p>Colour that reads like a natural flush. Works on its own or layered under the rest of your base.</p><ul><li>Size: 6ml</li><li>Finish: Natural</li><li>Category: Face — Blush</li></ul>,SHEGLAM,Blush,"Face, Blush, Natural, Multi-Shade",TRUE,Shade,Blushing Bouquet,,,,,SGPK-1085-BLUSHING-BOU,31,shopify,12,deny,manual,3790,,TRUE,TRUE,,,,FALSE,Floral Flush Blush Palette | SHEGLAM PK,Buy Floral Flush Blush Palette in Pakistan. Colour that reads like a natural flush. Works on its own or layered under the rest of your base.,active
glam-101-hybrid-highlighter-blush-duo,Glam 101 Hybrid Highlighter & Blush Duo,"<p>A pigmented flush that blends into the skin, not onto it. Pairs well with the rest of the range without pilling.</p><ul><li>Size: 6ml</li><li>Finish: Natural</li><li>Category: Face — Blush</li></ul>",SHEGLAM,Blush,"Face, Blush, Natural, Multi-Shade",TRUE,Shade,St. Tropez,,,,,SGPK-1086-ST-TROPEZ,31,shopify,12,deny,manual,3390,,TRUE,TRUE,,,,FALSE,Glam 101 Hybrid Highlighter & Blush Duo | SHEGLAM PK,"Buy Glam 101 Hybrid Highlighter & Blush Duo in Pakistan. A pigmented flush that blends into the skin, not onto it. Pairs well with the rest of the range without",active
cheek-2-cheek-blush-duo,Cheek 2 Cheek Blush Duo,<p>Colour that reads like a natural flush. Patch test before first use if your skin is sensitive.</p><ul><li>Size: 6ml</li><li>Finish: Natural</li><li>Category: Face — Blush</li></ul>,SHEGLAM,Blush,"Face, Blush, Natural, Multi-Shade",TRUE,Shade,Pink Sprinkles,,,,,SGPK-1087-PINK-SPRINKL,31,shopify,12,deny,manual,3790,,TRUE,TRUE,,,,FALSE,Cheek 2 Cheek Blush Duo | SHEGLAM PK,Buy Cheek 2 Cheek Blush Duo in Pakistan. Colour that reads like a natural flush. Patch test before first use if your skin is sensitive.,active
lash-besties-2-in-1-mascara,Lash Besties 2-In-1 Mascara,<p>Length and lift from the first coat. Pairs well with the rest of the range without pilling.</p><ul><li>Size: 8ml</li><li>Finish: Natural</li><li>Category: Eyes — Mascara</li></ul>,SHEGLAM,Mascara,"Eyes, Mascara, Natural",TRUE,Title,Default Title,,,,,SGPK-1088,33,shopify,20,deny,manual,1890,,TRUE,TRUE,,,,FALSE,Lash Besties 2-In-1 Mascara | SHEGLAM PK,Buy Lash Besties 2-In-1 Mascara in Pakistan. Length and lift from the first coat. Pairs well with the rest of the range without pilling.,active
insta-wing-heart-stamp-eyeliner,Insta-Wing Heart Stamp Eyeliner,<p>Longwear colour that survives a full day. Best applied in thin layers and built up rather than laid on heavily.</p><ul><li>Size: 1ml</li><li>Finish: Natural</li><li>Category: Eyes — Eyeliner</li></ul>,SHEGLAM,Eyeliner,"Eyes, Eyeliner, Natural",TRUE,Title,Default Title,,,,,SGPK-1089,26,shopify,20,deny,manual,1690,,TRUE,TRUE,,,,FALSE,Insta-Wing Heart Stamp Eyeliner | SHEGLAM PK,Buy Insta-Wing Heart Stamp Eyeliner in Pakistan. Longwear colour that survives a full day. Best applied in thin layers and built up rather than laid on heavily.,active
brow-behavior-taming-gel,Brow Behavior Taming Gel,<p>Hold and definition for natural-looking brows. Suits everyday wear as easily as a full evening look.</p><ul><li>Size: 4g</li><li>Finish: Natural</li><li>Category: Eyes — Brows</li></ul>,SHEGLAM,Brows,"Eyes, Brows, Natural",TRUE,Title,Default Title,,,,,SGPK-1090,29,shopify,20,deny,manual,1390,,TRUE,TRUE,,,,FALSE,Brow Behavior Taming Gel | SHEGLAM PK,Buy Brow Behavior Taming Gel in Pakistan. Hold and definition for natural-looking brows. Suits everyday wear as easily as a full evening look.,active
dark-romantasy-eyeshadow-palette,Dark Romantasy Eyeshadow Palette,<p>Pigment that shows up true on the first sweep. Blend while it is still moving; it sets quickly once placed.</p><ul><li>Size: 1.4g</li><li>Finish: Natural</li><li>Category: Eyes — Eyeshadow</li></ul>,SHEGLAM,Eyeshadow,"Eyes, Eyeshadow, Natural",TRUE,Title,Default Title,,,,,SGPK-1091,26,shopify,20,deny,manual,3590,,TRUE,TRUE,,,,FALSE,Dark Romantasy Eyeshadow Palette | SHEGLAM PK,Buy Dark Romantasy Eyeshadow Palette in Pakistan. Pigment that shows up true on the first sweep. Blend while it is still moving; it sets quickly once placed.,active
micro-precision-ultra-long-tip-eyeliner,Micro Precision Ultra-Long Tip Eyeliner,<p>A precise line that stays where you put it. Best applied in thin layers and built up rather than laid on heavily.</p><ul><li>Size: 1ml</li><li>Finish: Natural</li><li>Category: Eyes — Eyeliner</li></ul>,SHEGLAM,Eyeliner,"Eyes, Eyeliner, Natural, Bestseller",TRUE,Title,Default Title,,,,,SGPK-1092,26,shopify,20,deny,manual,1290,,TRUE,TRUE,,,,FALSE,Micro Precision Ultra-Long Tip Eyeliner | SHEGLAM PK,Buy Micro Precision Ultra-Long Tip Eyeliner in Pakistan. A precise line that stays where you put it. Best applied in thin layers and built up rather than laid o,active
stay-inked-waterproof-eyeliner-pen,Stay Inked Waterproof Eyeliner Pen,<p>Longwear colour that survives a full day. Works on its own or layered under the rest of your base.</p><ul><li>Size: 1ml</li><li>Finish: Natural</li><li>Category: Eyes — Eyeliner</li></ul>,SHEGLAM,Eyeliner,"Eyes, Eyeliner, Natural, New Arrival, Sale",TRUE,Title,Default Title,,,,,SGPK-1093,26,shopify,20,deny,manual,1790,2190,TRUE,TRUE,,,,FALSE,Stay Inked Waterproof Eyeliner Pen | SHEGLAM PK,Buy Stay Inked Waterproof Eyeliner Pen in Pakistan. Longwear colour that survives a full day. Works on its own or layered under the rest of your base.,active
all-in-one-volume-length-mascara,All-In-One Volume & Length Mascara,<p>A brush shaped to separate rather than clump. Works on its own or layered under the rest of your base.</p><ul><li>Size: 8ml</li><li>Finish: Natural</li><li>Category: Eyes — Mascara</li></ul>,SHEGLAM,Mascara,"Eyes, Mascara, Natural",TRUE,Title,Default Title,,,,,SGPK-1094,33,shopify,20,deny,manual,1890,,TRUE,TRUE,,,,FALSE,All-In-One Volume & Length Mascara | SHEGLAM PK,Buy All-In-One Volume & Length Mascara in Pakistan. A brush shaped to separate rather than clump. Works on its own or layered under the rest of your base.,active
lashlighter-iron-curl-mascara,Lashlighter Iron Curl Mascara,<p>A brush shaped to separate rather than clump. Works on its own or layered under the rest of your base.</p><ul><li>Size: 8ml</li><li>Finish: Natural</li><li>Category: Eyes — Mascara</li></ul>,SHEGLAM,Mascara,"Eyes, Mascara, Natural",TRUE,Title,Default Title,,,,,SGPK-1095,33,shopify,20,deny,manual,1990,,TRUE,TRUE,,,,FALSE,Lashlighter Iron Curl Mascara | SHEGLAM PK,Buy Lashlighter Iron Curl Mascara in Pakistan. A brush shaped to separate rather than clump. Works on its own or layered under the rest of your base.,active
big-energy-mascara,Big Energy Mascara,<p>Volume that holds its curl all day. Works on its own or layered under the rest of your base.</p><ul><li>Size: 8ml</li><li>Finish: Natural</li><li>Category: Eyes — Mascara</li></ul>,SHEGLAM,Mascara,"Eyes, Mascara, Natural, Multi-Shade",TRUE,Shade,Black,,,,,SGPK-1096-BLACK,33,shopify,12,deny,manual,2190,,TRUE,TRUE,,,,FALSE,Big Energy Mascara | SHEGLAM PK,Buy Big Energy Mascara in Pakistan. Volume that holds its curl all day. Works on its own or layered under the rest of your base.,active
lift-elevate-lengthening-mascara,Lift & Elevate Lengthening Mascara,<p>Volume that holds its curl all day. A little goes a long way — start with less than you think you need.</p><ul><li>Size: 8ml</li><li>Finish: Natural</li><li>Category: Eyes — Mascara</li></ul>,SHEGLAM,Mascara,"Eyes, Mascara, Natural, New Arrival, Sale",TRUE,Title,Default Title,,,,,SGPK-1097,33,shopify,20,deny,manual,2390,2990,TRUE,TRUE,,,,FALSE,Lift & Elevate Lengthening Mascara | SHEGLAM PK,Buy Lift & Elevate Lengthening Mascara in Pakistan. Volume that holds its curl all day. A little goes a long way — start with less than you think you need.,active
stick-em-up-lifting-brow-soap,Stick Em Up Lifting Brow Soap,<p>Shapes and sets brow hairs in one pass. Comfortable enough for all-day wear in Pakistani heat.</p><ul><li>Size: 4g</li><li>Finish: Natural</li><li>Category: Eyes — Brows</li></ul>,SHEGLAM,Brows,"Eyes, Brows, Natural",TRUE,Title,Default Title,,,,,SGPK-1098,29,shopify,20,deny,manual,1690,,TRUE,TRUE,,,,FALSE,Stick Em Up Lifting Brow Soap | SHEGLAM PK,Buy Stick Em Up Lifting Brow Soap in Pakistan. Shapes and sets brow hairs in one pass. Comfortable enough for all-day wear in Pakistani heat.,active
glimmer-gleam-9-pan-eyeshadow-palette,Glimmer & Gleam 9-Pan Eyeshadow Palette,<p>Pigment that shows up true on the first sweep. A little goes a long way — start with less than you think you need.</p><ul><li>Size: 1.4g</li><li>Finish: Natural</li><li>Category: Eyes — Eyeshadow</li></ul>,SHEGLAM,Eyeshadow,"Eyes, Eyeshadow, Natural",TRUE,Title,Default Title,,,,,SGPK-1099,26,shopify,20,deny,manual,3390,,TRUE,TRUE,,,,FALSE,Glimmer & Gleam 9-Pan Eyeshadow Palette | SHEGLAM PK,Buy Glimmer & Gleam 9-Pan Eyeshadow Palette in Pakistan. Pigment that shows up true on the first sweep. A little goes a long way — start with less than you thin,active
pro-flex-angled-eyeliner,Pro-Flex Angled Eyeliner,<p>A precise line that stays where you put it. Suits everyday wear as easily as a full evening look.</p><ul><li>Size: 1ml</li><li>Finish: Natural</li><li>Category: Eyes — Eyeliner</li></ul>,SHEGLAM,Eyeliner,"Eyes, Eyeliner, Natural, Bestseller",TRUE,Title,Default Title,,,,,SGPK-1100,26,shopify,20,deny,manual,1290,,TRUE,TRUE,,,,FALSE,Pro-Flex Angled Eyeliner | SHEGLAM PK,Buy Pro-Flex Angled Eyeliner in Pakistan. A precise line that stays where you put it. Suits everyday wear as easily as a full evening look.,active
moonlight-eyeshadow-palette,Moonlight Eyeshadow Palette,<p>Buildable colour for an everyday or a full look. Blend while it is still moving; it sets quickly once placed.</p><ul><li>Size: 1.4g</li><li>Finish: Natural</li><li>Category: Eyes — Eyeshadow</li></ul>,SHEGLAM,Eyeshadow,"Eyes, Eyeshadow, Natural, New Arrival, Sale",TRUE,Title,Default Title,,,,,SGPK-1101,26,shopify,20,deny,manual,4190,5190,TRUE,TRUE,,,,FALSE,Moonlight Eyeshadow Palette | SHEGLAM PK,Buy Moonlight Eyeshadow Palette in Pakistan. Buildable colour for an everyday or a full look. Blend while it is still moving; it sets quickly once placed.,active
berry-palette,Berry Palette,<p>Buildable colour for an everyday or a full look. Best applied in thin layers and built up rather than laid on heavily.</p><ul><li>Size: 1.4g</li><li>Finish: Natural</li><li>Category: Eyes — Eyeshadow</li></ul>,SHEGLAM,Eyeshadow,"Eyes, Eyeshadow, Natural",TRUE,Title,Default Title,,,,,SGPK-1102,26,shopify,20,deny,manual,3590,,TRUE,TRUE,,,,FALSE,Berry Palette | SHEGLAM PK,Buy Berry Palette in Pakistan. Buildable colour for an everyday or a full look. Best applied in thin layers and built up rather than laid on heavily.,active
showtime-in-seattle-15-pan-palette,Showtime In Seattle 15-Pan Palette,<p>Pigment that shows up true on the first sweep. A little goes a long way — start with less than you think you need.</p><ul><li>Size: 1.4g</li><li>Finish: Natural</li><li>Category: Eyes — Eyeshadow</li></ul>,SHEGLAM,Eyeshadow,"Eyes, Eyeshadow, Natural",TRUE,Title,Default Title,,,,,SGPK-1103,26,shopify,20,deny,manual,3190,,TRUE,TRUE,,,,FALSE,Showtime In Seattle 15-Pan Palette | SHEGLAM PK,Buy Showtime In Seattle 15-Pan Palette in Pakistan. Pigment that shows up true on the first sweep. A little goes a long way — start with less than you think you,active
oh-so-rich-matte-eyeliner,Oh So Rich Matte Eyeliner,<p>Longwear colour that survives a full day. A little goes a long way — start with less than you think you need.</p><ul><li>Size: 1ml</li><li>Finish: Matte</li><li>Category: Eyes — Eyeliner</li></ul>,SHEGLAM,Eyeliner,"Eyes, Eyeliner, Matte",TRUE,Title,Default Title,,,,,SGPK-1104,26,shopify,20,deny,manual,1690,,TRUE,TRUE,,,,FALSE,Oh So Rich Matte Eyeliner | SHEGLAM PK,Buy Oh So Rich Matte Eyeliner in Pakistan. Longwear colour that survives a full day. A little goes a long way — start with less than you think you need.,active
lashlighter-mega-boost-mascara,Lashlighter Mega Boost Mascara,<p>Length and lift from the first coat. Comfortable enough for all-day wear in Pakistani heat.</p><ul><li>Size: 8ml</li><li>Finish: Natural</li><li>Category: Eyes — Mascara</li></ul>,SHEGLAM,Mascara,"Eyes, Mascara, Natural, Bestseller",TRUE,Title,Default Title,,,,,SGPK-1105,33,shopify,20,deny,manual,1690,,TRUE,TRUE,,,,FALSE,Lashlighter Mega Boost Mascara | SHEGLAM PK,Buy Lashlighter Mega Boost Mascara in Pakistan. Length and lift from the first coat. Comfortable enough for all-day wear in Pakistani heat.,active
gel-glide-eyeliner-pencil,Gel Glide Eyeliner Pencil,<p>A tip fine enough for a clean wing. A little goes a long way — start with less than you think you need.</p><ul><li>Size: 1ml</li><li>Finish: Natural</li><li>Category: Eyes — Eyeliner</li></ul>,SHEGLAM,Eyeliner,"Eyes, Eyeliner, Natural, Multi-Shade",TRUE,Shade,Brown,,,,,SGPK-1106-BROWN,26,shopify,12,deny,manual,1490,,TRUE,TRUE,,,,FALSE,Gel Glide Eyeliner Pencil | SHEGLAM PK,Buy Gel Glide Eyeliner Pencil in Pakistan. A tip fine enough for a clean wing. A little goes a long way — start with less than you think you need.,active
chroma-zone-multichrome-gel-liner-on-a-trip,Chroma Zone Multichrome Gel Liner-On A Trip,<p>A precise line that stays where you put it. Comfortable enough for all-day wear in Pakistani heat.</p><ul><li>Size: 1ml</li><li>Finish: Shimmer</li><li>Category: Eyes — Eyeliner</li></ul>,SHEGLAM,Eyeliner,"Eyes, Eyeliner, Shimmer, Bestseller",TRUE,Title,Default Title,,,,,SGPK-1107,26,shopify,20,deny,manual,1190,,TRUE,TRUE,,,,FALSE,Chroma Zone Multichrome Gel Liner-On A Trip | SHEGLAM PK,Buy Chroma Zone Multichrome Gel Liner-On A Trip in Pakistan. A precise line that stays where you put it. Comfortable enough for all-day wear in Pakistani heat.,active
lash-ritual-nourishing-serum,Lash Ritual Nourishing Serum,<p>Volume that holds its curl all day. Pairs well with the rest of the range without pilling.</p><ul><li>Size: 8ml</li><li>Finish: Natural</li><li>Category: Eyes — Mascara</li></ul>,SHEGLAM,Mascara,"Eyes, Mascara, Natural, Multi-Shade",TRUE,Shade,Clear,,,,,SGPK-1108-CLEAR,33,shopify,12,deny,manual,2190,,TRUE,TRUE,,,,FALSE,Lash Ritual Nourishing Serum | SHEGLAM PK,Buy Lash Ritual Nourishing Serum in Pakistan. Volume that holds its curl all day. Pairs well with the rest of the range without pilling.,active
all-in-one-24k-multi-effect-mascara,All-In-One 24k Multi-Effect Mascara,<p>Length and lift from the first coat. Comfortable enough for all-day wear in Pakistani heat.</p><ul><li>Size: 8ml</li><li>Finish: Natural</li><li>Category: Eyes — Mascara</li></ul>,SHEGLAM,Mascara,"Eyes, Mascara, Natural, Bestseller",TRUE,Title,Default Title,,,,,SGPK-1109,33,shopify,20,deny,manual,1690,,TRUE,TRUE,,,,FALSE,All-In-One 24k Multi-Effect Mascara | SHEGLAM PK,Buy All-In-One 24k Multi-Effect Mascara in Pakistan. Length and lift from the first coat. Comfortable enough for all-day wear in Pakistani heat.,active
gro-pro-nourishing-lash-serum,Gro-Pro Nourishing Lash Serum,<p>Volume that holds its curl all day. Works on its own or layered under the rest of your base.</p><ul><li>Size: 8ml</li><li>Finish: Natural</li><li>Category: Eyes — Mascara</li></ul>,SHEGLAM,Mascara,"Eyes, Mascara, Natural, Sale",TRUE,Title,Default Title,,,,,SGPK-1110,33,shopify,20,deny,manual,2290,2890,TRUE,TRUE,,,,FALSE,Gro-Pro Nourishing Lash Serum | SHEGLAM PK,Buy Gro-Pro Nourishing Lash Serum in Pakistan. Volume that holds its curl all day. Works on its own or layered under the rest of your base.,active
stay-inked-liquid-eyeliner,Stay Inked Liquid Eyeliner,<p>A precise line that stays where you put it. Pairs well with the rest of the range without pilling.</p><ul><li>Size: 1ml</li><li>Finish: Natural</li><li>Category: Eyes — Eyeliner</li></ul>,SHEGLAM,Eyeliner,"Eyes, Eyeliner, Natural, Bestseller",TRUE,Title,Default Title,,,,,SGPK-1111,26,shopify,20,deny,manual,1190,,TRUE,TRUE,,,,FALSE,Stay Inked Liquid Eyeliner | SHEGLAM PK,Buy Stay Inked Liquid Eyeliner in Pakistan. A precise line that stays where you put it. Pairs well with the rest of the range without pilling.,active
cursed-chrysalis-palette,Cursed Chrysalis Palette,<p>Buildable colour for an everyday or a full look. A little goes a long way — start with less than you think you need.</p><ul><li>Size: 1.4g</li><li>Finish: Natural</li><li>Category: Eyes — Eyeshadow</li></ul>,SHEGLAM,Eyeshadow,"Eyes, Eyeshadow, Natural, New Arrival, Sale",TRUE,Title,Default Title,,,,,SGPK-1112,26,shopify,20,deny,manual,3990,4990,TRUE,TRUE,,,,FALSE,Cursed Chrysalis Palette | SHEGLAM PK,Buy Cursed Chrysalis Palette in Pakistan. Buildable colour for an everyday or a full look. A little goes a long way — start with less than you think you need.,active
wing-it-waterproof-liner-duo,Wing It Waterproof Liner Duo,<p>A precise line that stays where you put it. A little goes a long way — start with less than you think you need.</p><ul><li>Size: 1ml</li><li>Finish: Natural</li><li>Category: Eyes — Eyeliner</li></ul>,SHEGLAM,Eyeliner,"Eyes, Eyeliner, Natural, Multi-Shade",TRUE,Shade,Brown,,,,,SGPK-1113-BROWN,26,shopify,12,deny,manual,2590,,TRUE,TRUE,,,,FALSE,Wing It Waterproof Liner Duo | SHEGLAM PK,Buy Wing It Waterproof Liner Duo in Pakistan. A precise line that stays where you put it. A little goes a long way — start with less than you think you need.,active
big-time-eyes-volumizing-mascara,Big Time Eyes Volumizing Mascara,<p>Length and lift from the first coat. Patch test before first use if your skin is sensitive.</p><ul><li>Size: 8ml</li><li>Finish: Natural</li><li>Category: Eyes — Mascara</li></ul>,SHEGLAM,Mascara,"Eyes, Mascara, Natural",TRUE,Title,Default Title,,,,,SGPK-1114,33,shopify,20,deny,manual,1890,,TRUE,TRUE,,,,FALSE,Big Time Eyes Volumizing Mascara | SHEGLAM PK,Buy Big Time Eyes Volumizing Mascara in Pakistan. Length and lift from the first coat. Patch test before first use if your skin is sensitive.,active
dark-romantasy-duochrome-eyeshadow,Dark Romantasy Duochrome Eyeshadow,<p>Blendable colour that layers without going muddy. Best applied in thin layers and built up rather than laid on heavily.</p><ul><li>Size: 1.4g</li><li>Finish: Shimmer</li><li>Category: Eyes — Eyeshadow</li></ul>,SHEGLAM,Eyeshadow,"Eyes, Eyeshadow, Shimmer, Multi-Shade",TRUE,Shade,Garnet Eyes,,,,,SGPK-1115-GARNET-EYES,26,shopify,12,deny,manual,2790,,TRUE,TRUE,,,,FALSE,Dark Romantasy Duochrome Eyeshadow | SHEGLAM PK,Buy Dark Romantasy Duochrome Eyeshadow in Pakistan. Blendable colour that layers without going muddy. Best applied in thin layers and built up rather than laid ,active
set-me-up-brow-hold,Set Me Up Brow Hold,<p>Hold and definition for natural-looking brows. Patch test before first use if your skin is sensitive.</p><ul><li>Size: 4g</li><li>Finish: Natural</li><li>Category: Eyes — Brows</li></ul>,SHEGLAM,Brows,"Eyes, Brows, Natural, Multi-Shade",TRUE,Shade,Crystal Clear,,,,,SGPK-1116-CRYSTAL-CLEA,29,shopify,12,deny,manual,2590,,TRUE,TRUE,,,,FALSE,Set Me Up Brow Hold | SHEGLAM PK,Buy Set Me Up Brow Hold in Pakistan. Hold and definition for natural-looking brows. Patch test before first use if your skin is sensitive.,active
max-impact-extreme-volumizing-mascara,Max Impact Extreme Volumizing Mascara,<p>Length and lift from the first coat. Suits everyday wear as easily as a full evening look.</p><ul><li>Size: 8ml</li><li>Finish: Natural</li><li>Category: Eyes — Mascara</li></ul>,SHEGLAM,Mascara,"Eyes, Mascara, Natural",TRUE,Title,Default Title,,,,,SGPK-1117,33,shopify,20,deny,manual,1890,,TRUE,TRUE,,,,FALSE,Max Impact Extreme Volumizing Mascara | SHEGLAM PK,Buy Max Impact Extreme Volumizing Mascara in Pakistan. Length and lift from the first coat. Suits everyday wear as easily as a full evening look.,active
desert-hues-palette,Desert Hues Palette,<p>Pigment that shows up true on the first sweep. Best applied in thin layers and built up rather than laid on heavily.</p><ul><li>Size: 1.4g</li><li>Finish: Natural</li><li>Category: Eyes — Eyeshadow</li></ul>,SHEGLAM,Eyeshadow,"Eyes, Eyeshadow, Natural",TRUE,Title,Default Title,,,,,SGPK-1118,26,shopify,20,deny,manual,3190,,TRUE,TRUE,,,,FALSE,Desert Hues Palette | SHEGLAM PK,Buy Desert Hues Palette in Pakistan. Pigment that shows up true on the first sweep. Best applied in thin layers and built up rather than laid on heavily.,active
puff-brow-palette,Puff Brow Palette,<p>Hold and definition for natural-looking brows. Patch test before first use if your skin is sensitive.</p><ul><li>Size: 4g</li><li>Finish: Natural</li><li>Category: Eyes — Brows</li></ul>,SHEGLAM,Brows,"Eyes, Brows, Natural, Multi-Shade",TRUE,Shade,Brown,,,,,SGPK-1119-BROWN,29,shopify,12,deny,manual,2590,,TRUE,TRUE,,,,FALSE,Puff Brow Palette | SHEGLAM PK,Buy Puff Brow Palette in Pakistan. Hold and definition for natural-looking brows. Patch test before first use if your skin is sensitive.,active
bold-moves-kohl-cream-eyeliner-pencil,Bold Moves Kohl Cream Eyeliner Pencil,<p>A tip fine enough for a clean wing. A little goes a long way — start with less than you think you need.</p><ul><li>Size: 1ml</li><li>Finish: Natural</li><li>Category: Eyes — Eyeliner</li></ul>,SHEGLAM,Eyeliner,"Eyes, Eyeliner, Natural, Multi-Shade",TRUE,Shade,Brown,,,,,SGPK-1120-BROWN,26,shopify,12,deny,manual,1590,,TRUE,TRUE,https://sheglampk.com/assets/img/products/bold-moves-kohl-cream-eyeliner-pencil.jpg,1,Bold Moves Kohl Cream Eyeliner Pencil,FALSE,Bold Moves Kohl Cream Eyeliner Pencil | SHEGLAM PK,Buy Bold Moves Kohl Cream Eyeliner Pencil in Pakistan. A tip fine enough for a clean wing. A little goes a long way — start with less than you think you need.,active
think-sharp-eyeliner,Think Sharp Eyeliner,<p>A tip fine enough for a clean wing. Works on its own or layered under the rest of your base.</p><ul><li>Size: 1ml</li><li>Finish: Natural</li><li>Category: Eyes — Eyeliner</li></ul>,SHEGLAM,Eyeliner,"Eyes, Eyeliner, Natural",TRUE,Title,Default Title,,,,,SGPK-1121,26,shopify,20,deny,manual,1490,,TRUE,TRUE,,,,FALSE,Think Sharp Eyeliner | SHEGLAM PK,Buy Think Sharp Eyeliner in Pakistan. A tip fine enough for a clean wing. Works on its own or layered under the rest of your base.,active
intensify-smudge-proof-eyeliner-gel,Intensify Smudge-Proof Eyeliner Gel,<p>Longwear colour that survives a full day. Pairs well with the rest of the range without pilling.</p><ul><li>Size: 1ml</li><li>Finish: Natural</li><li>Category: Eyes — Eyeliner</li></ul>,SHEGLAM,Eyeliner,"Eyes, Eyeliner, Natural, Multi-Shade",TRUE,Shade,Brown,,,,,SGPK-1122-BROWN,26,shopify,12,deny,manual,1690,,TRUE,TRUE,,,,FALSE,Intensify Smudge-Proof Eyeliner Gel | SHEGLAM PK,Buy Intensify Smudge-Proof Eyeliner Gel in Pakistan. Longwear colour that survives a full day. Pairs well with the rest of the range without pilling.,active
clean-queen-mascara-remover,Clean Queen Mascara Remover,<p>Length and lift from the first coat. Suits everyday wear as easily as a full evening look.</p><ul><li>Size: 8ml</li><li>Finish: Natural</li><li>Category: Eyes — Mascara</li></ul>,SHEGLAM,Mascara,"Eyes, Mascara, Natural",TRUE,Title,Default Title,,,,,SGPK-1123,33,shopify,20,deny,manual,1790,,TRUE,TRUE,,,,FALSE,Clean Queen Mascara Remover | SHEGLAM PK,Buy Clean Queen Mascara Remover in Pakistan. Length and lift from the first coat. Suits everyday wear as easily as a full evening look.,active
stone-cold-eyeshadow-palette,Stone Cold Eyeshadow Palette,<p>Pigment that shows up true on the first sweep. Best applied in thin layers and built up rather than laid on heavily.</p><ul><li>Size: 1.4g</li><li>Finish: Natural</li><li>Category: Eyes — Eyeshadow</li></ul>,SHEGLAM,Eyeshadow,"Eyes, Eyeshadow, Natural",TRUE,Title,Default Title,,,,,SGPK-1124,26,shopify,20,deny,manual,3190,,TRUE,TRUE,,,,FALSE,Stone Cold Eyeshadow Palette | SHEGLAM PK,Buy Stone Cold Eyeshadow Palette in Pakistan. Pigment that shows up true on the first sweep. Best applied in thin layers and built up rather than laid on heavil,active
crystal-gaze-glitter-mascara,Crystal Gaze Glitter Mascara,<p>Volume that holds its curl all day. Comfortable enough for all-day wear in Pakistani heat.</p><ul><li>Size: 8ml</li><li>Finish: Shimmer</li><li>Category: Eyes — Mascara</li></ul>,SHEGLAM,Mascara,"Eyes, Mascara, Shimmer, New Arrival, Sale",TRUE,Title,Default Title,,,,,SGPK-1125,33,shopify,20,deny,manual,2390,2990,TRUE,TRUE,,,,FALSE,Crystal Gaze Glitter Mascara | SHEGLAM PK,Buy Crystal Gaze Glitter Mascara in Pakistan. Volume that holds its curl all day. Comfortable enough for all-day wear in Pakistani heat.,active
starry-wish-liquid-eyeshadow-trio,Starry Wish Liquid Eyeshadow Trio,<p>Buildable colour for an everyday or a full look. Comfortable enough for all-day wear in Pakistani heat.</p><ul><li>Size: 1.4g</li><li>Finish: Natural</li><li>Category: Eyes — Eyeshadow</li></ul>,SHEGLAM,Eyeshadow,"Eyes, Eyeshadow, Natural, Sale, Multi-Shade",TRUE,Shade,North Star,,,,,SGPK-1126-NORTH-STAR,26,shopify,12,deny,manual,3990,4990,TRUE,TRUE,,,,FALSE,Starry Wish Liquid Eyeshadow Trio | SHEGLAM PK,Buy Starry Wish Liquid Eyeshadow Trio in Pakistan. Buildable colour for an everyday or a full look. Comfortable enough for all-day wear in Pakistani heat.,active
lashlighter-extend-enriching-lash-primer,Lashlighter Extend Enriching Lash Primer,<p>A grip primer that gives foundation something to hold onto. Works on its own or layered under the rest of your base.</p><ul><li>Size: 30ml</li><li>Finish: Natural</li><li>Category: Face — Primer</li></ul>,SHEGLAM,Primer,"Face, Primer, Natural, Multi-Shade",TRUE,Shade,White,,,,,SGPK-1127-WHITE,55,shopify,12,deny,manual,1590,,TRUE,TRUE,,,,FALSE,Lashlighter Extend Enriching Lash Primer | SHEGLAM PK,Buy Lashlighter Extend Enriching Lash Primer in Pakistan. A grip primer that gives foundation something to hold onto. Works on its own or layered under the rest,active
boss-brow-waterproof-pomade,Boss Brow Waterproof Pomade,<p>A groomed brow that stays put. Suits everyday wear as easily as a full evening look.</p><ul><li>Size: 4g</li><li>Finish: Natural</li><li>Category: Eyes — Brows</li></ul>,SHEGLAM,Brows,"Eyes, Brows, Natural, Sale, Multi-Shade",TRUE,Shade,Soft Brown,,,,,SGPK-1128-SOFT-BROWN,29,shopify,12,deny,manual,1790,2190,TRUE,TRUE,,,,FALSE,Boss Brow Waterproof Pomade | SHEGLAM PK,Buy Boss Brow Waterproof Pomade in Pakistan. A groomed brow that stays put. Suits everyday wear as easily as a full evening look.,active
live-to-roam-palette,Live To Roam Palette,<p>Pigment that shows up true on the first sweep. Comfortable enough for all-day wear in Pakistani heat.</p><ul><li>Size: 1.4g</li><li>Finish: Natural</li><li>Category: Eyes — Eyeshadow</li></ul>,SHEGLAM,Eyeshadow,"Eyes, Eyeshadow, Natural",TRUE,Title,Default Title,,,,,SGPK-1129,26,shopify,20,deny,manual,3190,,TRUE,TRUE,,,,FALSE,Live To Roam Palette | SHEGLAM PK,Buy Live To Roam Palette in Pakistan. Pigment that shows up true on the first sweep. Comfortable enough for all-day wear in Pakistani heat.,active
insta-eyes-dual-tone-shadow-stick,Insta-Eyes Dual Tone Shadow Stick,<p>Pigment that shows up true on the first sweep. Comfortable enough for all-day wear in Pakistani heat.</p><ul><li>Size: 1.4g</li><li>Finish: Natural</li><li>Category: Eyes — Eyeshadow</li></ul>,SHEGLAM,Eyeshadow,"Eyes, Eyeshadow, Natural, Multi-Shade",TRUE,Shade,Rose,,,,,SGPK-1130-ROSE,26,shopify,12,deny,manual,1690,,TRUE,TRUE,,,,FALSE,Insta-Eyes Dual Tone Shadow Stick | SHEGLAM PK,Buy Insta-Eyes Dual Tone Shadow Stick in Pakistan. Pigment that shows up true on the first sweep. Comfortable enough for all-day wear in Pakistani heat.,active
chill-track-palette,Chill Track Palette,<p>Blendable colour that layers without going muddy. A little goes a long way — start with less than you think you need.</p><ul><li>Size: 1.4g</li><li>Finish: Natural</li><li>Category: Eyes — Eyeshadow</li></ul>,SHEGLAM,Eyeshadow,"Eyes, Eyeshadow, Natural, Bestseller",TRUE,Title,Default Title,,,,,SGPK-1131,26,shopify,20,deny,manual,2790,,TRUE,TRUE,,,,FALSE,Chill Track Palette | SHEGLAM PK,Buy Chill Track Palette in Pakistan. Blendable colour that layers without going muddy. A little goes a long way — start with less than you think you need.,active
better-brows-long-lasting-eyebrow-pencil,Better Brows Long Lasting Eyebrow Pencil,<p>A groomed brow that stays put. Best applied in thin layers and built up rather than laid on heavily.</p><ul><li>Size: 4g</li><li>Finish: Natural</li><li>Category: Eyes — Brows</li></ul>,SHEGLAM,Brows,"Eyes, Brows, Natural, New Arrival, Sale, Multi-Shade",TRUE,Shade,Taupe,,,,,SGPK-1132-TAUPE,29,shopify,12,deny,manual,1790,2190,TRUE,TRUE,,,,FALSE,Better Brows Long Lasting Eyebrow Pencil | SHEGLAM PK,Buy Better Brows Long Lasting Eyebrow Pencil in Pakistan. A groomed brow that stays put. Best applied in thin layers and built up rather than laid on heavily.,active
line-define-waterproof-liquid-eyeliner,Line & Define Waterproof Liquid Eyeliner,<p>A precise line that stays where you put it. Works on its own or layered under the rest of your base.</p><ul><li>Size: 1ml</li><li>Finish: Natural</li><li>Category: Eyes — Eyeliner</li></ul>,SHEGLAM,Eyeliner,"Eyes, Eyeliner, Natural, Multi-Shade",TRUE,Shade,Brown,,,,,SGPK-1133-BROWN,26,shopify,12,deny,manual,1390,,TRUE,TRUE,,,,FALSE,Line & Define Waterproof Liquid Eyeliner | SHEGLAM PK,Buy Line & Define Waterproof Liquid Eyeliner in Pakistan. A precise line that stays where you put it. Works on its own or layered under the rest of your base.,active
enigma-sparkly-eyeshadow,Enigma Sparkly Eyeshadow,<p>Buildable colour for an everyday or a full look. Works on its own or layered under the rest of your base.</p><ul><li>Size: 1.4g</li><li>Finish: Shimmer</li><li>Category: Eyes — Eyeshadow</li></ul>,SHEGLAM,Eyeshadow,"Eyes, Eyeshadow, Shimmer, New Arrival, Sale, Multi-Shade",TRUE,Shade,Such A Prize,,,,,SGPK-1134-SUCH-A-PRIZE,26,shopify,12,deny,manual,2090,2590,TRUE,TRUE,,,,FALSE,Enigma Sparkly Eyeshadow | SHEGLAM PK,Buy Enigma Sparkly Eyeshadow in Pakistan. Buildable colour for an everyday or a full look. Works on its own or layered under the rest of your base.,active
zen-out-shangri-la-palette,"Zen Out, Shangri-La Palette",<p>Buildable colour for an everyday or a full look. Blend while it is still moving; it sets quickly once placed.</p><ul><li>Size: 1.4g</li><li>Finish: Natural</li><li>Category: Eyes — Eyeshadow</li></ul>,SHEGLAM,Eyeshadow,"Eyes, Eyeshadow, Natural",TRUE,Title,Default Title,,,,,SGPK-1135,26,shopify,20,deny,manual,3790,,TRUE,TRUE,,,,FALSE,"Zen Out, Shangri-La Palette | SHEGLAM PK","Buy Zen Out, Shangri-La Palette in Pakistan. Buildable colour for an everyday or a full look. Blend while it is still moving; it sets quickly once placed.",active
smart-cookie-palette,Smart Cookie Palette,<p>Buildable colour for an everyday or a full look. Best applied in thin layers and built up rather than laid on heavily.</p><ul><li>Size: 1.4g</li><li>Finish: Natural</li><li>Category: Eyes — Eyeshadow</li></ul>,SHEGLAM,Eyeshadow,"Eyes, Eyeshadow, Natural, New Arrival, Sale",TRUE,Title,Default Title,,,,,SGPK-1136,26,shopify,20,deny,manual,4190,5190,TRUE,TRUE,,,,FALSE,Smart Cookie Palette | SHEGLAM PK,Buy Smart Cookie Palette in Pakistan. Buildable colour for an everyday or a full look. Best applied in thin layers and built up rather than laid on heavily.,active
silver-strobe-metallic-eyeliner,Silver Strobe Metallic Eyeliner,<p>A soft-focus sheen rather than a hard shimmer. A little goes a long way — start with less than you think you need.</p><ul><li>Size: 10ml</li><li>Finish: Shimmer</li><li>Category: Face — Highlighter</li></ul>,SHEGLAM,Highlighter,"Face, Highlighter, Shimmer, New Arrival, Sale, Multi-Shade",TRUE,Shade,Platinum,,,,,SGPK-1137-PLATINUM,35,shopify,12,deny,manual,2390,2990,TRUE,TRUE,,,,FALSE,Silver Strobe Metallic Eyeliner | SHEGLAM PK,Buy Silver Strobe Metallic Eyeliner in Pakistan. A soft-focus sheen rather than a hard shimmer. A little goes a long way — start with less than you think you ne,active
tint-lock-tattoo-peel-off-brow-gel,Tint Lock Tattoo Peel Off Brow Gel,<p>A groomed brow that stays put. Blend while it is still moving; it sets quickly once placed.</p><ul><li>Size: 4g</li><li>Finish: Natural</li><li>Category: Eyes — Brows</li></ul>,SHEGLAM,Brows,"Eyes, Brows, Natural, New Arrival, Sale, Multi-Shade",TRUE,Shade,Taupe,,,,,SGPK-1138-TAUPE,29,shopify,12,deny,manual,1790,2190,TRUE,TRUE,,,,FALSE,Tint Lock Tattoo Peel Off Brow Gel | SHEGLAM PK,Buy Tint Lock Tattoo Peel Off Brow Gel in Pakistan. A groomed brow that stays put. Blend while it is still moving; it sets quickly once placed.,active
deep-feelings-palette,Deep Feelings Palette,<p>Blendable colour that layers without going muddy. Comfortable enough for all-day wear in Pakistani heat.</p><ul><li>Size: 1.4g</li><li>Finish: Natural</li><li>Category: Eyes — Eyeshadow</li></ul>,SHEGLAM,Eyeshadow,"Eyes, Eyeshadow, Natural",TRUE,Title,Default Title,,,,,SGPK-1139,26,shopify,20,deny,manual,2990,,TRUE,TRUE,,,,FALSE,Deep Feelings Palette | SHEGLAM PK,Buy Deep Feelings Palette in Pakistan. Blendable colour that layers without going muddy. Comfortable enough for all-day wear in Pakistani heat.,active
flutter-wink-volumizing-mascara,Flutter Wink Volumizing Mascara,<p>A brush shaped to separate rather than clump. Blend while it is still moving; it sets quickly once placed.</p><ul><li>Size: 8ml</li><li>Finish: Natural</li><li>Category: Eyes — Mascara</li></ul>,SHEGLAM,Mascara,"Eyes, Mascara, Natural",TRUE,Title,Default Title,,,,,SGPK-1140,33,shopify,20,deny,manual,1990,,TRUE,TRUE,,,,FALSE,Flutter Wink Volumizing Mascara | SHEGLAM PK,Buy Flutter Wink Volumizing Mascara in Pakistan. A brush shaped to separate rather than clump. Blend while it is still moving; it sets quickly once placed.,active
berry-besties-color-trio,Berry Besties Color Trio,<p>Buildable colour for an everyday or a full look. Suits everyday wear as easily as a full evening look.</p><ul><li>Size: 1.4g</li><li>Finish: Natural</li><li>Category: Eyes — Eyeshadow</li></ul>,SHEGLAM,Eyeshadow,"Eyes, Eyeshadow, Natural, New Arrival, Sale, Multi-Shade",TRUE,Shade,Raspberry Tart,,,,,SGPK-1141-RASPBERRY-TA,26,shopify,12,deny,manual,3990,4990,TRUE,TRUE,,,,FALSE,Berry Besties Color Trio | SHEGLAM PK,Buy Berry Besties Color Trio in Pakistan. Buildable colour for an everyday or a full look. Suits everyday wear as easily as a full evening look.,active
stay-wild-jelly-glitter,Stay Wild Jelly Glitter,<p>Pigment that shows up true on the first sweep. Pairs well with the rest of the range without pilling.</p><ul><li>Size: 1.4g</li><li>Finish: Shimmer</li><li>Category: Eyes — Eyeshadow</li></ul>,SHEGLAM,Eyeshadow,"Eyes, Eyeshadow, Shimmer, Multi-Shade",TRUE,Shade,Peacock,,,,,SGPK-1142-PEACOCK,26,shopify,12,deny,manual,1790,,TRUE,TRUE,,,,FALSE,Stay Wild Jelly Glitter | SHEGLAM PK,Buy Stay Wild Jelly Glitter in Pakistan. Pigment that shows up true on the first sweep. Pairs well with the rest of the range without pilling.,active
on-line-creamy-eyeliner,On-Line Creamy Eyeliner,<p>Longwear colour that survives a full day. Best applied in thin layers and built up rather than laid on heavily.</p><ul><li>Size: 1ml</li><li>Finish: Natural</li><li>Category: Eyes — Eyeliner</li></ul>,SHEGLAM,Eyeliner,"Eyes, Eyeliner, Natural, New Arrival, Sale, Multi-Shade",TRUE,Shade,Black,,,,,SGPK-1143-BLACK,26,shopify,12,deny,manual,1790,2190,TRUE,TRUE,,,,FALSE,On-Line Creamy Eyeliner | SHEGLAM PK,Buy On-Line Creamy Eyeliner in Pakistan. Longwear colour that survives a full day. Best applied in thin layers and built up rather than laid on heavily.,active
airglow-eye-tint,Airglow Eye Tint,<p>Pigment that shows up true on the first sweep. Pairs well with the rest of the range without pilling.</p><ul><li>Size: 1.4g</li><li>Finish: Dewy</li><li>Category: Eyes — Eyeshadow</li></ul>,SHEGLAM,Eyeshadow,"Eyes, Eyeshadow, Dewy, Multi-Shade",TRUE,Shade,Cloud Nine,,,,,SGPK-1144-CLOUD-NINE,26,shopify,12,deny,manual,1690,,TRUE,TRUE,,,,FALSE,Airglow Eye Tint | SHEGLAM PK,Buy Airglow Eye Tint in Pakistan. Pigment that shows up true on the first sweep. Pairs well with the rest of the range without pilling.,active
lip-dazzler-glitter-kit,Lip Dazzler Glitter Kit,<p>Shine without the sticky finish. Pairs well with the rest of the range without pilling.</p><ul><li>Size: 3ml</li><li>Finish: Shimmer</li><li>Category: Lips — Lip Gloss</li></ul>,SHEGLAM,Lip Gloss,"Lips, Lip Gloss, Shimmer, Multi-Shade",TRUE,Shade,Center Stage,,,,,SGPK-1145-CENTER-STAGE,28,shopify,12,deny,manual,2590,,TRUE,TRUE,,,,FALSE,Lip Dazzler Glitter Kit | SHEGLAM PK,Buy Lip Dazzler Glitter Kit in Pakistan. Shine without the sticky finish. Pairs well with the rest of the range without pilling.,active
dark-romantasy-lip-cheek-tint,Dark Romantasy Lip & Cheek Tint,<p>Colour that reads like a natural flush. Suits everyday wear as easily as a full evening look.</p><ul><li>Size: 6ml</li><li>Finish: Natural</li><li>Category: Face — Blush</li></ul>,SHEGLAM,Blush,"Face, Blush, Natural, Multi-Shade",TRUE,Shade,Rich Crimson,,,,,SGPK-1146-RICH-CRIMSON,31,shopify,12,deny,manual,2090,,TRUE,TRUE,,,,FALSE,Dark Romantasy Lip & Cheek Tint | SHEGLAM PK,Buy Dark Romantasy Lip & Cheek Tint in Pakistan. Colour that reads like a natural flush. Suits everyday wear as easily as a full evening look.,active
bubble-buff-lip-scrub,Bubble Buff Lip Scrub,<p>Comfort and softness for dry lips. Best applied in thin layers and built up rather than laid on heavily.</p><ul><li>Size: 5g</li><li>Finish: Natural</li><li>Category: Lips — Lip Balm</li></ul>,SHEGLAM,Lip Balm,"Lips, Lip Balm, Natural",TRUE,Title,Default Title,,,,,SGPK-1147,30,shopify,20,deny,manual,1290,,TRUE,TRUE,,,,FALSE,Bubble Buff Lip Scrub | SHEGLAM PK,Buy Bubble Buff Lip Scrub in Pakistan. Comfort and softness for dry lips. Best applied in thin layers and built up rather than laid on heavily.,active
dark-romantasy-transfer-proof-lip-mousse,Dark Romantasy Transfer-Proof Lip Mousse,<p>Rich colour in a single pass. Patch test before first use if your skin is sensitive.</p><ul><li>Size: 3.5g</li><li>Finish: Natural</li><li>Category: Lips — Lipstick</li></ul>,SHEGLAM,Lipstick,"Lips, Lipstick, Natural, Bestseller",TRUE,Title,Default Title,,,,,SGPK-1148,29,shopify,20,deny,manual,1590,,TRUE,TRUE,,,,FALSE,Dark Romantasy Transfer-Proof Lip Mousse | SHEGLAM PK,Buy Dark Romantasy Transfer-Proof Lip Mousse in Pakistan. Rich colour in a single pass. Patch test before first use if your skin is sensitive.,active
fall-in-line-peel-off-lip-liner-stain-bare-blush,Fall In Line Peel Off Lip Liner Stain-Bare Blush,"<p>A pigmented flush that blends into the skin, not onto it. Best applied in thin layers and built up rather than laid on heavily.</p><ul><li>Size: 6ml</li><li>Finish: Natural</li><li>Category: Face — Blush</li></ul>",SHEGLAM,Blush,"Face, Blush, Natural, Bestseller",TRUE,Title,Default Title,,,,,SGPK-1149,31,shopify,20,deny,manual,1790,,TRUE,TRUE,,,,FALSE,Fall In Line Peel Off Lip Liner Stain-Bare Blush | SHEGLAM PK,"Buy Fall In Line Peel Off Lip Liner Stain-Bare Blush in Pakistan. A pigmented flush that blends into the skin, not onto it. Best applied in thin layers and buil",active
so-lippy-lip-liner-set,So Lippy Lip Liner Set,<p>A precise line that defines and holds colour in. Best applied in thin layers and built up rather than laid on heavily.</p><ul><li>Size: 2.5ml</li><li>Finish: Natural</li><li>Category: Lips — Lip Liner</li></ul>,SHEGLAM,Lip Liner,"Lips, Lip Liner, Natural, Multi-Shade",TRUE,Shade,Au Naturel,,,,,SGPK-1150-AU-NATUREL,28,shopify,12,deny,manual,2290,,TRUE,TRUE,,,,FALSE,So Lippy Lip Liner Set | SHEGLAM PK,Buy So Lippy Lip Liner Set in Pakistan. A precise line that defines and holds colour in. Best applied in thin layers and built up rather than laid on heavily.,active
berry-jam-lip-mask-pot,Berry Jam Lip Mask Pot,<p>A nourishing balm that treats while it shines. Suits everyday wear as easily as a full evening look.</p><ul><li>Size: 5g</li><li>Finish: Natural</li><li>Category: Lips — Lip Balm</li></ul>,SHEGLAM,Lip Balm,"Lips, Lip Balm, Natural",TRUE,Title,Default Title,,,,,SGPK-1151,30,shopify,20,deny,manual,1390,,TRUE,TRUE,,,,FALSE,Berry Jam Lip Mask Pot | SHEGLAM PK,Buy Berry Jam Lip Mask Pot in Pakistan. A nourishing balm that treats while it shines. Suits everyday wear as easily as a full evening look.,active
pout-phresh-color-changing-lipstick,Pout PHresh Color Changing Lipstick,<p>Rich colour in a single pass. Comfortable enough for all-day wear in Pakistani heat.</p><ul><li>Size: 3.5g</li><li>Finish: Natural</li><li>Category: Lips — Lipstick</li></ul>,SHEGLAM,Lipstick,"Lips, Lipstick, Natural, Multi-Shade",TRUE,Shade,Watermelon,,,,,SGPK-1152-WATERMELON,29,shopify,12,deny,manual,1790,,TRUE,TRUE,,,,FALSE,Pout PHresh Color Changing Lipstick | SHEGLAM PK,Buy Pout PHresh Color Changing Lipstick in Pakistan. Rich colour in a single pass. Comfortable enough for all-day wear in Pakistani heat.,active
dark-romantasy-lip-liner-lip-gloss-kit,Dark Romantasy Lip Liner + Lip Gloss Kit,<p>Definition that stops lipstick travelling. Best applied in thin layers and built up rather than laid on heavily.</p><ul><li>Size: 2.5ml</li><li>Finish: Dewy</li><li>Category: Lips — Lip Liner</li></ul>,SHEGLAM,Lip Liner,"Lips, Lip Liner, Dewy, Multi-Shade",TRUE,Shade,Plum Noir,,,,,SGPK-1153-PLUM-NOIR,28,shopify,12,deny,manual,2590,,TRUE,TRUE,,,,FALSE,Dark Romantasy Lip Liner + Lip Gloss Kit | SHEGLAM PK,Buy Dark Romantasy Lip Liner + Lip Gloss Kit in Pakistan. Definition that stops lipstick travelling. Best applied in thin layers and built up rather than laid o,active
stardust-swipe-glitter-liquid-lipstick,Stardust Swipe Glitter Liquid Lipstick,<p>Full-coverage colour that wears comfortably. Blend while it is still moving; it sets quickly once placed.</p><ul><li>Size: 3.5g</li><li>Finish: Shimmer</li><li>Category: Lips — Lipstick</li></ul>,SHEGLAM,Lipstick,"Lips, Lipstick, Shimmer, Multi-Shade",TRUE,Shade,Cosmic Pink,,,,,SGPK-1154-COSMIC-PINK,29,shopify,12,deny,manual,1790,,TRUE,TRUE,,,,FALSE,Stardust Swipe Glitter Liquid Lipstick | SHEGLAM PK,Buy Stardust Swipe Glitter Liquid Lipstick in Pakistan. Full-coverage colour that wears comfortably. Blend while it is still moving; it sets quickly once placed,active
crystal-glaze-moisturizing-lip-care-set,Crystal Glaze Moisturizing Lip Care Set,<p>A nourishing balm that treats while it shines. Works on its own or layered under the rest of your base.</p><ul><li>Size: 5g</li><li>Finish: Shimmer</li><li>Category: Lips — Lip Balm</li></ul>,SHEGLAM,Lip Balm,"Lips, Lip Balm, Shimmer",TRUE,Title,Default Title,,,,,SGPK-1155,30,shopify,20,deny,manual,2990,,TRUE,TRUE,,,,FALSE,Crystal Glaze Moisturizing Lip Care Set | SHEGLAM PK,Buy Crystal Glaze Moisturizing Lip Care Set in Pakistan. A nourishing balm that treats while it shines. Works on its own or layered under the rest of your base.,active
pillow-lips-lip-care-cream,Pillow Lips Lip Care Cream,<p>Comfort and softness for dry lips. Works on its own or layered under the rest of your base.</p><ul><li>Size: 5g</li><li>Finish: Natural</li><li>Category: Lips — Lip Balm</li></ul>,SHEGLAM,Lip Balm,"Lips, Lip Balm, Natural",TRUE,Title,Default Title,,,,,SGPK-1156,30,shopify,20,deny,manual,1290,,TRUE,TRUE,,,,FALSE,Pillow Lips Lip Care Cream | SHEGLAM PK,Buy Pillow Lips Lip Care Cream in Pakistan. Comfort and softness for dry lips. Works on its own or layered under the rest of your base.,active
nourishing-lip-balm,Nourishing Lip Balm,<p>A nourishing balm that treats while it shines. Works on its own or layered under the rest of your base.</p><ul><li>Size: 5g</li><li>Finish: Natural</li><li>Category: Lips — Lip Balm</li></ul>,SHEGLAM,Lip Balm,"Lips, Lip Balm, Natural, Multi-Shade",TRUE,Shade,White,,,,,SGPK-1157-WHITE,30,shopify,12,deny,manual,1490,,TRUE,TRUE,,,,FALSE,Nourishing Lip Balm | SHEGLAM PK,Buy Nourishing Lip Balm in Pakistan. A nourishing balm that treats while it shines. Works on its own or layered under the rest of your base.,active
love-stained-lip-tint-marker,Love Stained Lip Tint Marker,<p>A tint that survives a cup of chai. Patch test before first use if your skin is sensitive.</p><ul><li>Size: 3ml</li><li>Finish: Natural</li><li>Category: Lips — Lip Tint</li></ul>,SHEGLAM,Lip Tint,"Lips, Lip Tint, Natural, Multi-Shade",TRUE,Shade,Bright Side,,,,,SGPK-1158-BRIGHT-SIDE,28,shopify,12,deny,manual,1590,,TRUE,TRUE,,,,FALSE,Love Stained Lip Tint Marker | SHEGLAM PK,Buy Love Stained Lip Tint Marker in Pakistan. A tint that survives a cup of chai. Patch test before first use if your skin is sensitive.,active
life-is-delicious-pocket-lip-jam,Life Is Delicious Pocket Lip Jam,<p>Hydration you can wear on its own or under colour. Works on its own or layered under the rest of your base.</p><ul><li>Size: 5g</li><li>Finish: Natural</li><li>Category: Lips — Lip Balm</li></ul>,SHEGLAM,Lip Balm,"Lips, Lip Balm, Natural, Sale, Multi-Shade",TRUE,Shade,Ambrosia,,,,,SGPK-1159-AMBROSIA,30,shopify,12,deny,manual,1690,2090,TRUE,TRUE,,,,FALSE,Life Is Delicious Pocket Lip Jam | SHEGLAM PK,Buy Life Is Delicious Pocket Lip Jam in Pakistan. Hydration you can wear on its own or under colour. Works on its own or layered under the rest of your base.,active
cocoa-yum-lip-balm,Cocoa Yum Lip Balm,<p>A nourishing balm that treats while it shines. Suits everyday wear as easily as a full evening look.</p><ul><li>Size: 5g</li><li>Finish: Natural</li><li>Category: Lips — Lip Balm</li></ul>,SHEGLAM,Lip Balm,"Lips, Lip Balm, Natural",TRUE,Title,Default Title,,,,,SGPK-1160,30,shopify,20,deny,manual,1490,,TRUE,TRUE,,,,FALSE,Cocoa Yum Lip Balm | SHEGLAM PK,Buy Cocoa Yum Lip Balm in Pakistan. A nourishing balm that treats while it shines. Suits everyday wear as easily as a full evening look.,active
onyx-kaleidoscope-lipstick,Onyx Kaleidoscope Lipstick,<p>Rich colour in a single pass. Patch test before first use if your skin is sensitive.</p><ul><li>Size: 3.5g</li><li>Finish: Natural</li><li>Category: Lips — Lipstick</li></ul>,SHEGLAM,Lipstick,"Lips, Lipstick, Natural, Bestseller",TRUE,Title,Default Title,,,,,SGPK-1161,29,shopify,20,deny,manual,1590,,TRUE,TRUE,,,,FALSE,Onyx Kaleidoscope Lipstick | SHEGLAM PK,Buy Onyx Kaleidoscope Lipstick in Pakistan. Rich colour in a single pass. Patch test before first use if your skin is sensitive.,active
creme-allure-lipstick,Creme Allure Lipstick,<p>Pigment that stays true for hours. Pairs well with the rest of the range without pilling.</p><ul><li>Size: 3.5g</li><li>Finish: Natural</li><li>Category: Lips — Lipstick</li></ul>,SHEGLAM,Lipstick,"Lips, Lipstick, Natural, New Arrival, Sale, Multi-Shade",TRUE,Shade,Nude,,,,,SGPK-1162-NUDE,29,shopify,12,deny,manual,2190,2690,TRUE,TRUE,,,,FALSE,Creme Allure Lipstick | SHEGLAM PK,Buy Creme Allure Lipstick in Pakistan. Pigment that stays true for hours. Pairs well with the rest of the range without pilling.,active
line-to-shine-peel-off-lip-stain-gloss-duo-013-peach-mousse,Line To Shine Peel-Off Lip Stain & Gloss Duo-013 Peach Mousse,<p>High shine that feels weightless. Pairs well with the rest of the range without pilling.</p><ul><li>Size: 3ml</li><li>Finish: Dewy</li><li>Category: Lips — Lip Gloss</li></ul>,SHEGLAM,Lip Gloss,"Lips, Lip Gloss, Dewy",TRUE,Title,Default Title,,,,,SGPK-1163,28,shopify,20,deny,manual,3390,,TRUE,TRUE,,,,FALSE,Line To Shine Peel-Off Lip Stain & Gloss Duo-013 Peach Mousse | SHEGLA,Buy Line To Shine Peel-Off Lip Stain & Gloss Duo-013 Peach Mousse in Pakistan. High shine that feels weightless. Pairs well with the rest of the range without p,active
for-the-flush-lip-cheek-tint,For The Flush Lip & Cheek Tint,<p>A blendable blush that builds from a hint to a statement. Suits everyday wear as easily as a full evening look.</p><ul><li>Size: 6ml</li><li>Finish: Natural</li><li>Category: Face — Blush</li></ul>,SHEGLAM,Blush,"Face, Blush, Natural, New Arrival, Sale, Multi-Shade",TRUE,Shade,Fruit Punch,,,,,SGPK-1164-FRUIT-PUNCH,31,shopify,12,deny,manual,2290,2890,TRUE,TRUE,https://sheglampk.com/assets/img/products/for-the-flush-lip-cheek-tint.jpg,1,For The Flush Lip & Cheek Tint,FALSE,For The Flush Lip & Cheek Tint | SHEGLAM PK,Buy For The Flush Lip & Cheek Tint in Pakistan. A blendable blush that builds from a hint to a statement. Suits everyday wear as easily as a full evening look.,active
lip-link-mini-gloss-bracelet-palette,Lip Link Mini Gloss Bracelet Palette,<p>Buildable colour for an everyday or a full look. Patch test before first use if your skin is sensitive.</p><ul><li>Size: 1.4g</li><li>Finish: Dewy</li><li>Category: Eyes — Eyeshadow</li></ul>,SHEGLAM,Eyeshadow,"Eyes, Eyeshadow, Dewy, Sale",TRUE,Title,Default Title,,,,,SGPK-1165,26,shopify,20,deny,manual,3790,4690,TRUE,TRUE,,,,FALSE,Lip Link Mini Gloss Bracelet Palette | SHEGLAM PK,Buy Lip Link Mini Gloss Bracelet Palette in Pakistan. Buildable colour for an everyday or a full look. Patch test before first use if your skin is sensitive.,active
glam-101-sheer-tinted-lipstick-liner-duo-blueberry-jam,Glam 101 Sheer Tinted Lipstick & Liner Duo-Blueberry Jam,<p>A precise line that stays where you put it. Suits everyday wear as easily as a full evening look.</p><ul><li>Size: 1ml</li><li>Finish: Natural</li><li>Category: Eyes — Eyeliner</li></ul>,SHEGLAM,Eyeliner,"Eyes, Eyeliner, Natural",TRUE,Title,Default Title,,,,,SGPK-1166,26,shopify,20,deny,manual,2490,,TRUE,TRUE,,,,FALSE,Glam 101 Sheer Tinted Lipstick & Liner Duo-Blueberry Jam | SHEGLAM PK,Buy Glam 101 Sheer Tinted Lipstick & Liner Duo-Blueberry Jam in Pakistan. A precise line that stays where you put it. Suits everyday wear as easily as a full ev,active
bold-booster-lip-plumper-blush-drizzle,Bold Booster Lip Plumper-Blush Drizzle,<p>A blendable blush that builds from a hint to a statement. Pairs well with the rest of the range without pilling.</p><ul><li>Size: 6ml</li><li>Finish: Natural</li><li>Category: Face — Blush</li></ul>,SHEGLAM,Blush,"Face, Blush, Natural",TRUE,Title,Default Title,,,,,SGPK-1167,31,shopify,20,deny,manual,2190,,TRUE,TRUE,,,,FALSE,Bold Booster Lip Plumper-Blush Drizzle | SHEGLAM PK,Buy Bold Booster Lip Plumper-Blush Drizzle in Pakistan. A blendable blush that builds from a hint to a statement. Pairs well with the rest of the range without ,active
mirror-kiss-high-shine-lipstick,Mirror Kiss High-Shine Lipstick,<p>Full-coverage colour that wears comfortably. Comfortable enough for all-day wear in Pakistani heat.</p><ul><li>Size: 3.5g</li><li>Finish: Dewy</li><li>Category: Lips — Lipstick</li></ul>,SHEGLAM,Lipstick,"Lips, Lipstick, Dewy, Multi-Shade",TRUE,Shade,Rule Breaker,,,,,SGPK-1168-RULE-BREAKER,29,shopify,12,deny,manual,1990,,TRUE,TRUE,,,,FALSE,Mirror Kiss High-Shine Lipstick | SHEGLAM PK,Buy Mirror Kiss High-Shine Lipstick in Pakistan. Full-coverage colour that wears comfortably. Comfortable enough for all-day wear in Pakistani heat.,active
peel-talk-lip-tint,Peel Talk Lip Tint,<p>Colour that stains and stays. Comfortable enough for all-day wear in Pakistani heat.</p><ul><li>Size: 3ml</li><li>Finish: Natural</li><li>Category: Lips — Lip Tint</li></ul>,SHEGLAM,Lip Tint,"Lips, Lip Tint, Natural, Bestseller, Multi-Shade",TRUE,Shade,Celeb Crush,,,,,SGPK-1169-CELEB-CRUSH,28,shopify,12,deny,manual,1390,,TRUE,TRUE,,,,FALSE,Peel Talk Lip Tint | SHEGLAM PK,Buy Peel Talk Lip Tint in Pakistan. Colour that stains and stays. Comfortable enough for all-day wear in Pakistani heat.,active
pout-pillow-cushion-matte-liquid-lipstick,Pout Pillow Cushion Matte Liquid Lipstick,<p>A buildable base with real staying power. Blend while it is still moving; it sets quickly once placed.</p><ul><li>Size: 30ml</li><li>Finish: Matte</li><li>Category: Face — Foundation</li></ul>,SHEGLAM,Foundation,"Face, Foundation, Matte, Bestseller, Multi-Shade",TRUE,Shade,Catching Z's,,,,,SGPK-1170-CATCHING-Z-S,55,shopify,12,deny,manual,4490,,TRUE,TRUE,,,,FALSE,Pout Pillow Cushion Matte Liquid Lipstick | SHEGLAM PK,Buy Pout Pillow Cushion Matte Liquid Lipstick in Pakistan. A buildable base with real staying power. Blend while it is still moving; it sets quickly once placed,active
matte-allure-lipstick,Matte Allure Lipstick,<p>Rich colour in a single pass. Works on its own or layered under the rest of your base.</p><ul><li>Size: 3.5g</li><li>Finish: Matte</li><li>Category: Lips — Lipstick</li></ul>,SHEGLAM,Lipstick,"Lips, Lipstick, Matte, Bestseller, Multi-Shade",TRUE,Shade,Chic,,,,,SGPK-1171-CHIC,29,shopify,12,deny,manual,1690,,TRUE,TRUE,,,,FALSE,Matte Allure Lipstick | SHEGLAM PK,Buy Matte Allure Lipstick in Pakistan. Rich colour in a single pass. Works on its own or layered under the rest of your base.,active
so-lippy-lip-liner,So Lippy Lip Liner,<p>A precise line that defines and holds colour in. Works on its own or layered under the rest of your base.</p><ul><li>Size: 2.5ml</li><li>Finish: Natural</li><li>Category: Lips — Lip Liner</li></ul>,SHEGLAM,Lip Liner,"Lips, Lip Liner, Natural, Multi-Shade",TRUE,Shade,True Faith,,,,,SGPK-1172-TRUE-FAITH,28,shopify,12,deny,manual,1290,,TRUE,TRUE,,,,FALSE,So Lippy Lip Liner | SHEGLAM PK,Buy So Lippy Lip Liner in Pakistan. A precise line that defines and holds colour in. Works on its own or layered under the rest of your base.,active
booster-shine-plumping-lip-gloss,Booster Shine Plumping Lip Gloss,<p>A glassy gloss that layers over anything. Blend while it is still moving; it sets quickly once placed.</p><ul><li>Size: 3ml</li><li>Finish: Dewy</li><li>Category: Lips — Lip Gloss</li></ul>,SHEGLAM,Lip Gloss,"Lips, Lip Gloss, Dewy, Multi-Shade",TRUE,Shade,Own Your Shine,,,,,SGPK-1173-OWN-YOUR-SHI,28,shopify,12,deny,manual,1590,,TRUE,TRUE,,,,FALSE,Booster Shine Plumping Lip Gloss | SHEGLAM PK,Buy Booster Shine Plumping Lip Gloss in Pakistan. A glassy gloss that layers over anything. Blend while it is still moving; it sets quickly once placed.,active
starlight-velvet-lipstick-magical-d,Starlight Velvet Lipstick-Magical D,<p>Rich colour in a single pass. Pairs well with the rest of the range without pilling.</p><ul><li>Size: 3.5g</li><li>Finish: Satin</li><li>Category: Lips — Lipstick</li></ul>,SHEGLAM,Lipstick,"Lips, Lipstick, Satin, Bestseller, Multi-Shade",TRUE,Shade,Light,,,,,SGPK-1174-LIGHT,29,shopify,12,deny,manual,1590,,TRUE,TRUE,,,,FALSE,Starlight Velvet Lipstick-Magical D | SHEGLAM PK,Buy Starlight Velvet Lipstick-Magical D in Pakistan. Rich colour in a single pass. Pairs well with the rest of the range without pilling.,active
pout-perfect-shimmer-lip-plumper,Pout-Perfect Shimmer Lip Plumper,<p>A tint that survives a cup of chai. Comfortable enough for all-day wear in Pakistani heat.</p><ul><li>Size: 3ml</li><li>Finish: Shimmer</li><li>Category: Lips — Lip Tint</li></ul>,SHEGLAM,Lip Tint,"Lips, Lip Tint, Shimmer, Multi-Shade",TRUE,Shade,Sugar Crystal,,,,,SGPK-1175-SUGAR-CRYSTA,28,shopify,12,deny,manual,1690,,TRUE,TRUE,,,,FALSE,Pout-Perfect Shimmer Lip Plumper | SHEGLAM PK,Buy Pout-Perfect Shimmer Lip Plumper in Pakistan. A tint that survives a cup of chai. Comfortable enough for all-day wear in Pakistani heat.,active
take-a-hint-lip-tint,Take A Hint Lip Tint,<p>Long-wear colour without the dryness. Blend while it is still moving; it sets quickly once placed.</p><ul><li>Size: 3ml</li><li>Finish: Natural</li><li>Category: Lips — Lip Tint</li></ul>,SHEGLAM,Lip Tint,"Lips, Lip Tint, Natural, New Arrival, Sale, Multi-Shade",TRUE,Shade,Memories,,,,,SGPK-1176-MEMORIES,28,shopify,12,deny,manual,1990,2490,TRUE,TRUE,,,,FALSE,Take A Hint Lip Tint | SHEGLAM PK,Buy Take A Hint Lip Tint in Pakistan. Long-wear colour without the dryness. Blend while it is still moving; it sets quickly once placed.,active
dynamatte-boom-long-lasting-matte-lipstick,Dynamatte Boom Long-Lasting Matte Lipstick,<p>Full-coverage colour that wears comfortably. Best applied in thin layers and built up rather than laid on heavily.</p><ul><li>Size: 3.5g</li><li>Finish: Matte</li><li>Category: Lips — Lipstick</li></ul>,SHEGLAM,Lipstick,"Lips, Lipstick, Matte",TRUE,Title,Default Title,,,,,SGPK-1177,29,shopify,20,deny,manual,1890,,TRUE,TRUE,,,,FALSE,Dynamatte Boom Long-Lasting Matte Lipstick | SHEGLAM PK,Buy Dynamatte Boom Long-Lasting Matte Lipstick in Pakistan. Full-coverage colour that wears comfortably. Best applied in thin layers and built up rather than la,active
cloudline-blur-lip-liner,Cloudline Blur Lip Liner,<p>Definition that stops lipstick travelling. Patch test before first use if your skin is sensitive.</p><ul><li>Size: 2.5ml</li><li>Finish: Matte</li><li>Category: Lips — Lip Liner</li></ul>,SHEGLAM,Lip Liner,"Lips, Lip Liner, Matte, Multi-Shade",TRUE,Shade,Morning Mist,,,,,SGPK-1178-MORNING-MIST,28,shopify,12,deny,manual,1490,,TRUE,TRUE,,,,FALSE,Cloudline Blur Lip Liner | SHEGLAM PK,Buy Cloudline Blur Lip Liner in Pakistan. Definition that stops lipstick travelling. Patch test before first use if your skin is sensitive.,active
mega-lip-stacks-brownie-stack,Mega Lip Stacks-Brownie Stack,<p>A groomed brow that stays put. Blend while it is still moving; it sets quickly once placed.</p><ul><li>Size: 4g</li><li>Finish: Natural</li><li>Category: Eyes — Brows</li></ul>,SHEGLAM,Brows,"Eyes, Brows, Natural, New Arrival, Sale",TRUE,Title,Default Title,,,,,SGPK-1179,29,shopify,20,deny,manual,3590,4490,TRUE,TRUE,,,,FALSE,Mega Lip Stacks-Brownie Stack | SHEGLAM PK,Buy Mega Lip Stacks-Brownie Stack in Pakistan. A groomed brow that stays put. Blend while it is still moving; it sets quickly once placed.,active
lip-facts-lip-liner,Lip Facts Lip Liner,<p>Definition that stops lipstick travelling. Comfortable enough for all-day wear in Pakistani heat.</p><ul><li>Size: 2.5ml</li><li>Finish: Natural</li><li>Category: Lips — Lip Liner</li></ul>,SHEGLAM,Lip Liner,"Lips, Lip Liner, Natural, New Arrival, Sale, Multi-Shade",TRUE,Shade,True Faith,,,,,SGPK-1180-TRUE-FAITH,28,shopify,12,deny,manual,1590,1990,TRUE,TRUE,,,,FALSE,Lip Facts Lip Liner | SHEGLAM PK,Buy Lip Facts Lip Liner in Pakistan. Definition that stops lipstick travelling. Comfortable enough for all-day wear in Pakistani heat.,active
silk-slip-lip-oil-balm,Silk Slip Lip Oil Balm,<p>A blendable blush that builds from a hint to a statement. Works on its own or layered under the rest of your base.</p><ul><li>Size: 6ml</li><li>Finish: Dewy</li><li>Category: Face — Blush</li></ul>,SHEGLAM,Blush,"Face, Blush, Dewy, Multi-Shade",TRUE,Shade,Barely Blushed,,,,,SGPK-1181-BARELY-BLUSH,31,shopify,12,deny,manual,2190,,TRUE,TRUE,,,,FALSE,Silk Slip Lip Oil Balm | SHEGLAM PK,Buy Silk Slip Lip Oil Balm in Pakistan. A blendable blush that builds from a hint to a statement. Works on its own or layered under the rest of your base.,active
matte-allure-mini-liquid-lipstick-set,Matte Allure Mini Liquid Lipstick Set,<p>Rich colour in a single pass. Patch test before first use if your skin is sensitive.</p><ul><li>Size: 3.5g</li><li>Finish: Matte</li><li>Category: Lips — Lipstick</li></ul>,SHEGLAM,Lipstick,"Lips, Lipstick, Matte, Bestseller",TRUE,Title,Default Title,,,,,SGPK-1182,29,shopify,20,deny,manual,2990,,TRUE,TRUE,,,,FALSE,Matte Allure Mini Liquid Lipstick Set | SHEGLAM PK,Buy Matte Allure Mini Liquid Lipstick Set in Pakistan. Rich colour in a single pass. Patch test before first use if your skin is sensitive.,active
just-kissed-lipstick-crayon,Just Kissed Lipstick Crayon,<p>Rich colour in a single pass. Best applied in thin layers and built up rather than laid on heavily.</p><ul><li>Size: 3.5g</li><li>Finish: Satin</li><li>Category: Lips — Lipstick</li></ul>,SHEGLAM,Lipstick,"Lips, Lipstick, Satin, Multi-Shade",TRUE,Shade,Red Velvet,,,,,SGPK-1183-RED-VELVET,29,shopify,12,deny,manual,1690,,TRUE,TRUE,,,,FALSE,Just Kissed Lipstick Crayon | SHEGLAM PK,Buy Just Kissed Lipstick Crayon in Pakistan. Rich colour in a single pass. Best applied in thin layers and built up rather than laid on heavily.,active
hot-goss-plumping-lip-gloss-that-s-juicy,Hot Goss Plumping Lip Gloss-That's Juicy!,<p>A glassy gloss that layers over anything. Pairs well with the rest of the range without pilling.</p><ul><li>Size: 3ml</li><li>Finish: Dewy</li><li>Category: Lips — Lip Gloss</li></ul>,SHEGLAM,Lip Gloss,"Lips, Lip Gloss, Dewy",TRUE,Title,Default Title,,,,,SGPK-1184,28,shopify,20,deny,manual,1690,,TRUE,TRUE,,,,FALSE,Hot Goss Plumping Lip Gloss-That's Juicy! | SHEGLAM PK,Buy Hot Goss Plumping Lip Gloss-That's Juicy! in Pakistan. A glassy gloss that layers over anything. Pairs well with the rest of the range without pilling.,active
pout-perfect-shine-lip-plumper-makin-me-blush,Pout-Perfect Shine Lip Plumper-Makin' Me Blush,<p>A blendable blush that builds from a hint to a statement. Best applied in thin layers and built up rather than laid on heavily.</p><ul><li>Size: 6ml</li><li>Finish: Dewy</li><li>Category: Face — Blush</li></ul>,SHEGLAM,Blush,"Face, Blush, Dewy, New Arrival, Sale",TRUE,Title,Default Title,,,,,SGPK-1185,31,shopify,20,deny,manual,2290,2890,TRUE,TRUE,,,,FALSE,Pout-Perfect Shine Lip Plumper-Makin' Me Blush | SHEGLAM PK,Buy Pout-Perfect Shine Lip Plumper-Makin' Me Blush in Pakistan. A blendable blush that builds from a hint to a statement. Best applied in thin layers and built ,active
glow-addict-lip-balm,Glow Addict Lip Balm,<p>A nourishing balm that treats while it shines. Suits everyday wear as easily as a full evening look.</p><ul><li>Size: 5g</li><li>Finish: Dewy</li><li>Category: Lips — Lip Balm</li></ul>,SHEGLAM,Lip Balm,"Lips, Lip Balm, Dewy, Multi-Shade",TRUE,Shade,Rocky Road,,,,,SGPK-1186-ROCKY-ROAD,30,shopify,12,deny,manual,1490,,TRUE,TRUE,,,,FALSE,Glow Addict Lip Balm | SHEGLAM PK,Buy Glow Addict Lip Balm in Pakistan. A nourishing balm that treats while it shines. Suits everyday wear as easily as a full evening look.,active
mood-switch-matte-gloss-lip-duo,Mood Switch Matte & Gloss Lip Duo,<p>High shine that feels weightless. Blend while it is still moving; it sets quickly once placed.</p><ul><li>Size: 3ml</li><li>Finish: Matte</li><li>Category: Lips — Lip Gloss</li></ul>,SHEGLAM,Lip Gloss,"Lips, Lip Gloss, Matte, Multi-Shade",TRUE,Shade,Pink Flamingo,,,,,SGPK-1187-PINK-FLAMING,28,shopify,12,deny,manual,3190,,TRUE,TRUE,,,,FALSE,Mood Switch Matte & Gloss Lip Duo | SHEGLAM PK,Buy Mood Switch Matte & Gloss Lip Duo in Pakistan. High shine that feels weightless. Blend while it is still moving; it sets quickly once placed.,active
lip-rules-liner-gloss-pen,Lip Rules Liner & Gloss Pen,<p>High shine that feels weightless. Suits everyday wear as easily as a full evening look.</p><ul><li>Size: 3ml</li><li>Finish: Dewy</li><li>Category: Lips — Lip Gloss</li></ul>,SHEGLAM,Lip Gloss,"Lips, Lip Gloss, Dewy, Multi-Shade",TRUE,Shade,By The Book,,,,,SGPK-1188-BY-THE-BOOK,28,shopify,12,deny,manual,1690,,TRUE,TRUE,,,,FALSE,Lip Rules Liner & Gloss Pen | SHEGLAM PK,Buy Lip Rules Liner & Gloss Pen in Pakistan. High shine that feels weightless. Suits everyday wear as easily as a full evening look.,active
bubble-kiss-lip-balm,Bubble Kiss Lip Balm,<p>Hydration you can wear on its own or under colour. Comfortable enough for all-day wear in Pakistani heat.</p><ul><li>Size: 5g</li><li>Finish: Natural</li><li>Category: Lips — Lip Balm</li></ul>,SHEGLAM,Lip Balm,"Lips, Lip Balm, Natural, New Arrival, Sale, Multi-Shade",TRUE,Shade,Bubble Tea,,,,,SGPK-1189-BUBBLE-TEA,30,shopify,12,deny,manual,1690,2090,TRUE,TRUE,,,,FALSE,Bubble Kiss Lip Balm | SHEGLAM PK,Buy Bubble Kiss Lip Balm in Pakistan. Hydration you can wear on its own or under colour. Comfortable enough for all-day wear in Pakistani heat.,active
soft-haze-lip-blur,Soft Haze Lip Blur,<p>Definition that stops lipstick travelling. Blend while it is still moving; it sets quickly once placed.</p><ul><li>Size: 2.5ml</li><li>Finish: Matte</li><li>Category: Lips — Lip Liner</li></ul>,SHEGLAM,Lip Liner,"Lips, Lip Liner, Matte, Multi-Shade",TRUE,Shade,Play Date,,,,,SGPK-1190-PLAY-DATE,28,shopify,12,deny,manual,1490,,TRUE,TRUE,,,,FALSE,Soft Haze Lip Blur | SHEGLAM PK,Buy Soft Haze Lip Blur in Pakistan. Definition that stops lipstick travelling. Blend while it is still moving; it sets quickly once placed.,active
mello-jello-nourishing-lip-balm,Mello Jello Nourishing Lip Balm,<p>A nourishing balm that treats while it shines. Pairs well with the rest of the range without pilling.</p><ul><li>Size: 5g</li><li>Finish: Natural</li><li>Category: Lips — Lip Balm</li></ul>,SHEGLAM,Lip Balm,"Lips, Lip Balm, Natural, Multi-Shade",TRUE,Shade,Garnet,,,,,SGPK-1191-GARNET,30,shopify,12,deny,manual,1490,,TRUE,TRUE,,,,FALSE,Mello Jello Nourishing Lip Balm | SHEGLAM PK,Buy Mello Jello Nourishing Lip Balm in Pakistan. A nourishing balm that treats while it shines. Pairs well with the rest of the range without pilling.,active
glam-101-lipstick-liner-duo,Glam 101 Lipstick & Liner Duo,<p>A precise line that stays where you put it. Pairs well with the rest of the range without pilling.</p><ul><li>Size: 1ml</li><li>Finish: Natural</li><li>Category: Eyes — Eyeliner</li></ul>,SHEGLAM,Eyeliner,"Eyes, Eyeliner, Natural, Bestseller, Multi-Shade",TRUE,Shade,Praline Pie,,,,,SGPK-1192-PRALINE-PIE,26,shopify,12,deny,manual,2290,,TRUE,TRUE,,,,FALSE,Glam 101 Lipstick & Liner Duo | SHEGLAM PK,Buy Glam 101 Lipstick & Liner Duo in Pakistan. A precise line that stays where you put it. Pairs well with the rest of the range without pilling.,active
cocoa-kiss-lip-duo,Cocoa Kiss Lip Duo,<p>Colour that stains and stays. A little goes a long way — start with less than you think you need.</p><ul><li>Size: 3ml</li><li>Finish: Natural</li><li>Category: Lips — Lip Tint</li></ul>,SHEGLAM,Lip Tint,"Lips, Lip Tint, Natural, Multi-Shade",TRUE,Shade,Cookies N' Milk,,,,,SGPK-1193-COOKIES-N-MI,28,shopify,12,deny,manual,2990,,TRUE,TRUE,,,,FALSE,Cocoa Kiss Lip Duo | SHEGLAM PK,Buy Cocoa Kiss Lip Duo in Pakistan. Colour that stains and stays. A little goes a long way — start with less than you think you need.,active
silky-glow-lip-eye-pen,Silky Glow Lip & Eye Pen,<p>Long-wear colour without the dryness. Suits everyday wear as easily as a full evening look.</p><ul><li>Size: 3ml</li><li>Finish: Dewy</li><li>Category: Lips — Lip Tint</li></ul>,SHEGLAM,Lip Tint,"Lips, Lip Tint, Dewy, New Arrival, Sale",TRUE,Title,Default Title,,,,,SGPK-1194,28,shopify,20,deny,manual,1990,2490,TRUE,TRUE,,,,FALSE,Silky Glow Lip & Eye Pen | SHEGLAM PK,Buy Silky Glow Lip & Eye Pen in Pakistan. Long-wear colour without the dryness. Suits everyday wear as easily as a full evening look.,active
